????	cut2	Voice
????	cut3	Voice
????	cut4	Voice
????	cut6	???????
????	cut7	?????
????	cut8	?????
????	cut8	Voice
????	cut10	Kairi
????	cut10	Sora
????	cut11	Kairi
????	cut11	Sora
????	cut12	?????
????	cut13	??????????
????	cut14	Sora
????	cut16	Sora
????	cut17	Sora
????	cut17	Pooh
????	cut18	Riku
????	cut18	Maleficent
????	cut19	Sora
????	cut19	Riku
????	cut20	Hook
????	cut21	Captain Hook
????	cut22	Goofy
????	cut24	Voice
????	cut25	Voice
????	cut25	???????
????	cut25	?????
????	cut26	Kairi
????	cut26	Sora
????	cut26	Kairi 
????	cut26	Riku
????	cut27	?????
????	cut27	??????
????	cut27	??????????
????	cut28	Sora
????	cut28	???? 
????	cut29	Sora
????	cut29	Philoctetes
????	cut29	Donald 
????	cut29	Goofy
????	cut29	Philoctetes 
????	cut30	Sora
????	cut30	Pooh 
????	cut30	Sora 
????	cut30	Pooh
????	cut31	Hades
????	cut31	Riku
????	cut31	Maleficent
????	cut31	Riku 
????	cut31	Maleficent 
????	cut32	Riku
????	cut32	Sora
????	cut32	Riku 
????	cut32	???? 
????	cut32	Hook 
????	cut32	Captain Hook
????	cut32	Smee
????	cut33	Goofy
Voice	cut6	????
Voice	cut9	????
Voice	cut10	????
Voice	cut16	?????
Voice	cut16	????
Voice	cut24	Sora
Voice	cut24	Donald
Voice	cut26	????
Voice	cut27	???????
Voice	cut27	????
Voice	cut27	?????
Voice	cut29	Kairi
Voice	cut29	Sora
Voice	cut29	Sora’s Mom
Voice	cut29	Riku
Voice	cut29	Riku 
Voice	cut29	Sora 
Voice	cut29	Goofy
Voice	cut29	Donald
Voice	cut30	Sora
Voice	cut30	Donald
Voice	cut31	Donald
Voice	cut31	Sora
Voice	cut31	Goofy
???????	cut1	????
???????	cut2	Jane
???????	cut5	Goofy
???????	cut5	Jasmine
???????	cut5	Sora
???????	cut5	Jafar
???????	cut6	Voice
???????	cut6	????
???????	cut6	?????
???????	cut7	Tarzan
???????	cut7	Jane
???????	cut7	Sora
???????	cut7	Goofy
???????	cut7	Jane 
???????	cut7	Donald & Sora 
???????	cut7	Sora 
???????	cut7	Donald
???????	cut8	Goofy
???????	cut8	Jasmine
???????	cut8	Sora
?????	cut1	????
?????	cut2	????
?????	cut2	Voice
?????	cut3	Sora
?????	cut4	Sora
?????	cut7	????
?????	cut8	??????????
?????	cut10	??????????
?????	cut11	Merlin
?????	cut12	Maleficent
?????	cut13	Sebastian
?????	cut17	Goofy
?????	cut18	Sora
?????	cut22	Donald
?????	cut23	Sora
?????	cut26	Riku
?????	cut30	Riku
?????	cut32	Riku
?????	cut33	Riku
?????	cut34	Riku
?????	cut36	Voice
?????	cut36	???????
?????	cut36	????
?????	cut37	Sora
?????	cut37	Sora 
?????	cut38	??????
?????	cut38	????
?????	cut38	??????????
?????	cut39	??????????
?????	cut39	??????
?????	cut40	??????
?????	cut40	Sora
?????	cut40	Donald
?????	cut40	Goofy
?????	cut40	Merlin
?????	cut40	Fairy Godmother
?????	cut41	Maleficent
?????	cut41	Iago
?????	cut41	Jafar
?????	cut42	Sebastian
?????	cut42	Ariel
?????	cut42	Flounder
?????	cut42	Sora
?????	cut42	Sora 
?????	cut43	Mayor
?????	cut43	Jack
?????	cut44	Goofy
?????	cut44	Sora
?????	cut44	Donald
?????	cut44	????? 
?????	cut44	Peter Pan
?????	cut45	Peter Pan
?????	cut45	Wendy
?????	cut45	Sora
?????	cut45	Peter Pan 
?????	cut46	Riku
?????	cut47	Riku
Kairi	cut1	????
Kairi	cut1	Sora
Kairi	cut2	Sora
Kairi	cut3	Sora
Kairi	cut4	Sora
Kairi	cut4	????
Kairi	cut5	Riku
Kairi	cut6	Sora
Kairi	cut6	Riku
Kairi	cut7	Sora
Kairi	cut9	Sora
Kairi	cut10	Riku
Kairi	cut10	Sora
Kairi	cut11	Riku
Kairi	cut11	Sora
Kairi	cut13	Sora
Kairi	cut13	Riku
Kairi	cut20	Sora
Kairi	cut21	Sora
Kairi	cut22	Sora
Kairi	cut23	Sora
Kairi	cut24	Sora
Kairi	cut29	Sora
Kairi	cut36	Riku
Kairi	cut37	Goofy
Kairi	cut37	Donald
Kairi	cut41	Donald & Goofy
Kairi	cut42	Leon
Kairi	cut42	Yuffie
Kairi	cut42	Aerith
Kairi	cut44	Sora
Kairi	cut45	Sora
Kairi	cut46	Sora
Kairi	cut47	Sora
Kairi	cut48	Sora
Kairi	cut49	Sora
Kairi	cut52	Sora
Kairi	cut54	Sora
Kairi	cut55	????
Kairi	cut55	Sora
Kairi	cut55	Kairi 
Kairi	cut55	Riku
Kairi	cut56	Sora
Kairi	cut56	Wakka
Kairi	cut56	Selphie
Kairi	cut56	Tidus
Kairi	cut57	Sora
Kairi	cut57	Riku
Kairi	cut57	Sora 
Kairi	cut58	Riku
Kairi	cut58	Sora
Kairi	cut58	Kairi 
Kairi	cut58	Selphie
Kairi	cut58	Tidus
Kairi	cut58	Wakka
Kairi	cut59	Sora
Kairi	cut60	Sora
Kairi	cut60	Kairi 
Kairi	cut61	Sora
Kairi	cut61	Sora’s Mom
Kairi	cut61	Riku
Kairi	cut61	Riku 
Kairi	cut61	Sora 
Kairi	cut61	Voice
Kairi	cut61	Goofy
Kairi	cut61	Donald
Kairi	cut62	Goofy
Kairi	cut62	Donald
Kairi	cut62	??????
Kairi	cut62	Sora
Kairi	cut62	Yuffie
Kairi	cut62	Leon
Kairi	cut62	Leon 
Kairi	cut62	Aerith
Kairi	cut62	Yuffie 
Kairi	cut63	Sora
Kairi	cut63	Goofy
Kairi	cut64	Donald
Kairi	cut64	Goofy
Kairi	cut64	Sora
Kairi	cut64	Grandmother
Kairi	cut64	Sora 
Kairi	cut65	Sora
Kairi	cut65	Sora 
Kairi	cut65	Riku
Kairi	cut65	Donald
Kairi	cut65	Riku 
Kairi	cut65	Ansem
Kairi	cut66	Sora
Kairi	cut66	Donald
Kairi	cut66	Goofy
Kairi	cut66	Donald 
Kairi	cut66	Ansem
Kairi	cut66	Goofy 
Kairi	cut66	Riku
Kairi	cut67	Goofy
Kairi	cut67	Donald
Kairi	cut68	Donald
Kairi	cut68	Goofy
Kairi	cut68	Sora
Kairi	cut68	Donald & Goofy
Kairi	cut68	Beast
Kairi	cut69	Yuffie
Kairi	cut69	Aerith
Kairi	cut69	Leon
Kairi	cut69	Sora
Kairi	cut69	Cid
Kairi	cut70	Sora
Kairi	cut70	Sora 
Kairi	cut70	Kairi 
Kairi	cut71	Sora
Kairi	cut71	Donald
Kairi	cut71	Donald & Goofy
Kairi	cut71	Riku
Kairi	cut71	Mickey
Kairi	cut71	Goofy
Kairi	cut71	Riku 
Kairi	cut71	Mickey 
Sora	cut1	????
Sora	cut1	Kairi
Sora	cut2	Kairi
Sora	cut3	Kairi
Sora	cut5	Kairi
Sora	cut5	????
Sora	cut6	Kairi
Sora	cut6	Riku
Sora	cut7	Kairi
Sora	cut9	Kairi
Sora	cut11	Riku
Sora	cut11	Kairi
Sora	cut12	Riku
Sora	cut12	Kairi
Sora	cut13	Riku
Sora	cut14	Riku
Sora	cut15	Riku
Sora	cut16	Riku
Sora	cut16	Kairi
Sora	cut17	Riku
Sora	cut18	?????
Sora	cut19	?????
Sora	cut20	Kairi
Sora	cut21	Kairi
Sora	cut22	Kairi
Sora	cut23	Kairi
Sora	cut24	Kairi
Sora	cut29	Riku
Sora	cut40	???
Sora	cut41	???
Sora	cut42	Cid
Sora	cut44	??????
Sora	cut45	??????
Sora	cut46	??????
Sora	cut47	Kairi
Sora	cut48	??????
Sora	cut49	Yuffie
Sora	cut49	Leon
Sora	cut50	Leon
Sora	cut51	Aerith
Sora	cut51	Yuffie
Sora	cut51	Leon
Sora	cut52	Donald
Sora	cut52	Aerith
Sora	cut53	Leon
Sora	cut53	Yuffie
Sora	cut55	Leon
Sora	cut56	Yuffie
Sora	cut56	Leon
Sora	cut57	Donald & Goofy
Sora	cut57	Leon
Sora	cut58	Goofy
Sora	cut59	Leon
Sora	cut59	Donald
Sora	cut60	Donald
Sora	cut61	Goofy
Sora	cut61	Donald
Sora	cut62	Donald
Sora	cut62	Goofy
Sora	cut63	Goofy
Sora	cut63	Donald
Sora	cut63	Jiminy
Sora	cut64	Leon
Sora	cut64	Yuffie
Sora	cut64	Aerith
Sora	cut65	Doorknob
Sora	cut66	Doorknob
Sora	cut67	Donald
Sora	cut67	Goofy
Sora	cut67	Queen of Hearts
Sora	cut68	Alice
Sora	cut69	Queen of Hearts
Sora	cut69	Goofy
Sora	cut71	Alice
Sora	cut71	Goofy
Sora	cut71	Donald
Sora	cut71	Card Soldier
Sora	cut72	Donald
Sora	cut72	Cheshire Cat
Sora	cut73	Cheshire Cat
Sora	cut73	Donald
Sora	cut74	Cheshire Cat
Sora	cut75	Card Soldier
Sora	cut76	Queen of Hearts
Sora	cut77	Queen of Hearts
Sora	cut78	Queen of Hearts
Sora	cut79	Cheshire Cat
Sora	cut79	Goofy
Sora	cut80	Cheshire Cat
Sora	cut81	Donald
Sora	cut82	Donald
Sora	cut82	Goofy
Sora	cut83	????
Sora	cut85	????
Sora	cut87	Philoctetes
Sora	cut89	Philoctetes
Sora	cut90	Philoctetes
Sora	cut91	Hades
Sora	cut92	Philoctetes
Sora	cut93	Philoctetes
Sora	cut94	Philoctetes
Sora	cut96	Philoctetes
Sora	cut98	Cloud
Sora	cut99	Cloud
Sora	cut101	Goofy
Sora	cut101	Donald
Sora	cut102	Donald
Sora	cut105	??????
Sora	cut106	??????
Sora	cut108	??????
Sora	cut109	??????
Sora	cut110	??????
Sora	cut111	??????
Sora	cut113	??????
Sora	cut114	Jane
Sora	cut116	Jane
Sora	cut116	Donald & Sora
Sora	cut116	Goofy
Sora	cut117	Goofy
Sora	cut117	Donald
Sora	cut118	Jane
Sora	cut119	Goofy
Sora	cut120	Jane
Sora	cut121	Clayton
Sora	cut123	Goofy
Sora	cut123	Tarzan
Sora	cut123	Donald
Sora	cut124	Jane
Sora	cut124	Tarzan
Sora	cut126	Tarzan
Sora	cut128	Tarzan
Sora	cut128	Jane
Sora	cut128	Donald
Sora	cut128	Goofy
Sora	cut129	Jane
Sora	cut129	Donald
Sora	cut129	Tarzan
Sora	cut130	Donald
Sora	cut130	Goofy
Sora	cut131	Leon
Sora	cut131	Aerith
Sora	cut131	Sora, Donald & Goofy
Sora	cut131	Donald
Sora	cut131	Goofy
Sora	cut133	Leon
Sora	cut135	Cid
Sora	cut135	Donald
Sora	cut135	Goofy
Sora	cut136	Cid
Sora	cut137	Cid
Sora	cut138	Cid
Sora	cut139	Goofy
Sora	cut140	??????
Sora	cut140	Donald
Sora	cut140	Goofy
Sora	cut140	Merlin
Sora	cut141	Fairy Godmother
Sora	cut142	Fairy Godmother
Sora	cut143	????
Sora	cut143	Pooh
Sora	cut144	Pooh
Sora	cut145	Riku
Sora	cut146	Riku
Sora	cut148	Riku
Sora	cut149	Riku
Sora	cut150	Riku
Sora	cut150	Donald
Sora	cut151	Goofy
Sora	cut151	Donald
Sora	cut151	Riku
Sora	cut154	Riku
Sora	cut155	Donald
Sora	cut159	Cid
Sora	cut159	Leon
Sora	cut159	Aerith
Sora	cut159	Donald
Sora	cut160	Cid
Sora	cut160	Aerith
Sora	cut160	Yuffie
Sora	cut161	Cid
Sora	cut162	Jiminy
Sora	cut162	Pinocchio
Sora	cut163	Jiminy
Sora	cut164	???????
Sora	cut164	Goofy
Sora	cut164	Jasmine
Sora	cut164	Jafar
Sora	cut165	Jafar
Sora	cut166	Aladdin
Sora	cut167	Donald
Sora	cut167	Goofy
Sora	cut167	Aladdin
Sora	cut168	Genie
Sora	cut168	Aladdin
Sora	cut169	Aladdin
Sora	cut169	Genie
Sora	cut169	Donald
Sora	cut173	Aladdin
Sora	cut174	Goofy
Sora	cut174	Donald
Sora	cut174	Genie
Sora	cut174	Aladdin
Sora	cut175	Goofy
Sora	cut176	Piglet
Sora	cut177	Pooh
Sora	cut178	Donald
Sora	cut180	Riku
Sora	cut181	Riku
Sora	cut182	Riku
Sora	cut183	Riku
Sora	cut184	Riku
Sora	cut186	Goofy
Sora	cut187	Goofy
Sora	cut188	Pinocchio
Sora	cut188	????????
Sora	cut190	????????
Sora	cut191	Goofy
Sora	cut192	Riku
Sora	cut193	Riku
Sora	cut194	Pinocchio
Sora	cut195	Riku
Sora	cut195	Geppetto
Sora	cut197	Riku
Sora	cut198	Riku
Sora	cut198	Jiminy
Sora	cut198	Pinocchio
Sora	cut199	Donald
Sora	cut200	Goofy
Sora	cut200	Donald
Sora	cut201	Tigger
Sora	cut202	Hercules
Sora	cut202	Philoctetes
Sora	cut203	Donald
Sora	cut205	Ariel
Sora	cut206	Sebastian
Sora	cut206	Triton
Sora	cut206	Ariel
Sora	cut206	Goofy
Sora	cut207	Ariel
Sora	cut208	Triton
Sora	cut208	Goofy
Sora	cut209	Ariel
Sora	cut209	Triton
Sora	cut210	Sebastian
Sora	cut211	Ariel
Sora	cut211	Triton
Sora	cut211	Goofy
Sora	cut212	Ariel
Sora	cut213	Donald
Sora	cut213	Goofy
Sora	cut214	Owl
Sora	cut215	Owl
Sora	cut217	Owl
Sora	cut218	Pooh
Sora	cut219	Finkelstein
Sora	cut219	Donald
Sora	cut221	Jack
Sora	cut222	Finkelstein
Sora	cut222	Jack
Sora	cut225	Jack
Sora	cut227	Riku
Sora	cut228	Riku
Sora	cut228	????
Sora	cut229	Riku
Sora	cut230	Riku
Sora	cut231	Goofy
Sora	cut231	Donald
Sora	cut233	?????
Sora	cut234	?????
Sora	cut236	Peter Pan
Sora	cut236	Wendy
Sora	cut237	Wendy
Sora	cut238	Wendy
Sora	cut241	Peter Pan
Sora	cut243	Peter Pan
Sora	cut244	Peter Pan
Sora	cut245	Riku
Sora	cut248	Donald
Sora	cut249	Pinocchio
Sora	cut249	Geppetto
Sora	cut250	Geppetto
Sora	cut250	Pinocchio
Sora	cut251	Donald
Sora	cut251	Goofy
Sora	cut254	Goofy
Sora	cut255	Hercules
Sora	cut255	Donald
Sora	cut255	Goofy
Sora	cut256	Hercules
Sora	cut256	Philoctetes
Sora	cut257	Philoctetes
Sora	cut257	Hercules
Sora	cut258	Goofy
Sora	cut259	Goofy
Sora	cut260	Donald
Sora	cut263	Riku
Sora	cut264	Riku
Sora	cut267	Riku
Sora	cut269	Riku
Sora	cut270	Donald
Sora	cut270	Goofy
Sora	cut270	Riku
Sora	cut272	Riku
Sora	cut276	Riku
Sora	cut278	Riku
Sora	cut279	Riku
Sora	cut280	Riku
Sora	cut281	Donald
Sora	cut281	Riku
Sora	cut282	Riku
Sora	cut283	Riku
Sora	cut286	Goofy
Sora	cut288	Goofy
Sora	cut291	Beast
Sora	cut292	Leon
Sora	cut292	Aerith
Sora	cut293	Aerith
Sora	cut294	Cid
Sora	cut295	Kairi
Sora	cut296	Kairi
Sora	cut297	Kairi
Sora	cut298	Kairi
Sora	cut299	Kairi
Sora	cut300	Kairi
Sora	cut301	Kairi
Sora	cut302	Tigger
Sora	cut302	Roo
Sora	cut302	Owl
Sora	cut303	Beast
Sora	cut303	Goofy
Sora	cut303	Donald
Sora	cut304	Belle
Sora	cut305	Cinderella
Sora	cut305	Aurora
Sora	cut306	Jasmine
Sora	cut306	Alice
Sora	cut306	Snow White
Sora	cut306	Aurora
Sora	cut306	Cinderella
Sora	cut307	Yuffie
Sora	cut307	Aerith
Sora	cut307	Leon
Sora	cut308	Leon
Sora	cut308	Aerith
Sora	cut308	Yuffie
Sora	cut308	Donald
Sora	cut309	Alice
Sora	cut309	Jasmine
Sora	cut309	Aurora
Sora	cut309	Cinderella
Sora	cut310	Snow White
Sora	cut310	Aurora
Sora	cut310	Cinderella
Sora	cut310	Alice
Sora	cut310	Snow Whtie
Sora	cut310	Jasmine
Sora	cut311	Aerith
Sora	cut312	??????
Sora	cut312	Goofy
Sora	cut313	??????
Sora	cut314	??????
Sora	cut315	??????
Sora	cut316	Pooh
Sora	cut317	Eeyore
Sora	cut320	Pooh
Sora	cut322	Goofy
Sora	cut322	Donald
Sora	cut324	Donald
Sora	cut324	Voice
Sora	cut326	Ansem
Sora	cut327	Ansem
Sora	cut330	Ansem
Sora	cut333	Riku
Sora	cut334	Mickey
Sora	cut334	Donald
Sora	cut334	Goofy
Sora	cut334	Riku
Sora	cut337	Kairi
Sora	cut338	Goofy
Sora	cut339	Donald
Sora	cut339	Goofy
Sora	cut342	????
Sora	cut342	Kairi
Sora	cut342	Kairi 
Sora	cut342	Riku
Sora	cut343	Kairi
Sora	cut343	Wakka
Sora	cut343	Selphie
Sora	cut343	Tidus
Sora	cut344	Riku
Sora	cut344	Kairi
Sora	cut344	Sora 
Sora	cut345	Riku
Sora	cut345	Kairi
Sora	cut345	Kairi 
Sora	cut345	Selphie
Sora	cut345	Tidus
Sora	cut345	Wakka
Sora	cut346	?????
Sora	cut346	Sora 
Sora	cut347	Kairi
Sora	cut348	Kairi
Sora	cut348	Kairi 
Sora	cut349	Kairi
Sora	cut349	Sora’s Mom
Sora	cut349	Riku
Sora	cut349	Riku 
Sora	cut349	Sora 
Sora	cut349	Voice
Sora	cut349	Goofy
Sora	cut349	Donald
Sora	cut350	Donald
Sora	cut350	Goofy
Sora	cut350	Goofy 
Sora	cut351	???
Sora	cut351	Cid
Sora	cut351	Goofy
Sora	cut351	Donald
Sora	cut352	??????
Sora	cut352	Leon
Sora	cut353	Goofy
Sora	cut353	Donald
Sora	cut353	??????
Sora	cut353	Kairi
Sora	cut353	Yuffie
Sora	cut353	Leon
Sora	cut353	Leon 
Sora	cut353	Aerith
Sora	cut353	Yuffie 
Sora	cut354	Yuffie
Sora	cut354	Leon
Sora	cut354	Aerith
Sora	cut354	Goofy
Sora	cut354	Donald
Sora	cut354	Donald & Goofy
Sora	cut355	Donald & Goofy 
Sora	cut355	Leon 
Sora	cut355	Goofy
Sora	cut355	Sora 
Sora	cut355	Donald
Sora	cut355	Goofy 
Sora	cut355	Donald 
Sora	cut355	Leon
Sora	cut356	Leon
Sora	cut356	Yuffie
Sora	cut356	Aerith
Sora	cut356	Donald
Sora	cut356	Goofy
Sora	cut356	Jiminy 
Sora	cut357	White Rabbit
Sora	cut357	Doorknob
Sora	cut357	Donald
Sora	cut357	Goofy 
Sora	cut358	White Rabbit
Sora	cut358	Alice
Sora	cut358	Queen of Hearts
Sora	cut358	Queen of Hearts 
Sora	cut358	Donald
Sora	cut358	Goofy
Sora	cut358	Sora 
Sora	cut359	Queen of Hearts
Sora	cut359	Alice
Sora	cut359	Goofy
Sora	cut359	Donald
Sora	cut359	Card Soldier
Sora	cut360	Donald 
Sora	cut360	Cheshire Cat
Sora	cut360	Donald
Sora	cut361	Card Soldier
Sora	cut361	Queen of Hearts
Sora	cut361	Donald 
Sora	cut361	Queen of Hearts 
Sora	cut361	Donald
Sora	cut362	Card Soldier
Sora	cut362	Cheshire Cat
Sora	cut362	Goofy
Sora	cut362	Flower
Sora	cut363	Doorknob
Sora	cut363	Donald
Sora	cut363	Goofy
Sora	cut363	Cheshire Cat
Sora	cut364	???? 
Sora	cut364	????
Sora	cut366	????
Sora	cut366	Philoctetes
Sora	cut366	Donald 
Sora	cut366	Goofy
Sora	cut366	Philoctetes 
Sora	cut367	Philoctetes
Sora	cut367	Sora 
Sora	cut368	Hades
Sora	cut368	Donald
Sora	cut369	Philoctetes
Sora	cut370	Cloud
Sora	cut370	Hades
Sora	cut370	Philoctetes
Sora	cut370	Hercules
Sora	cut371	Philoctetes
Sora	cut371	Donald
Sora	cut371	Goofy
Sora	cut371	Hercules
Sora	cut371	Hercules 
Sora	cut372	Cloud
Sora	cut373	Goofy
Sora	cut373	Donald
Sora	cut374	??????
Sora	cut374	?????? 
Sora	cut374	Sora 
Sora	cut375	Tarzan
Sora	cut375	Jane
Sora	cut375	???????
Sora	cut375	Goofy
Sora	cut375	Jane 
Sora	cut375	Donald & Sora 
Sora	cut375	Sora 
Sora	cut375	Donald
Sora	cut376	Jane
Sora	cut376	Jane 
Sora	cut376	Clayton
Sora	cut376	Goofy
Sora	cut377	Jane
Sora	cut377	Clayton 
Sora	cut377	Clayton
Sora	cut377	Tarzan
Sora	cut378	Jane
Sora	cut379	Goofy
Sora	cut379	Tarzan
Sora	cut379	Donald
Sora	cut379	Jane
Sora	cut379	Sora 
Sora	cut380	Tarzan
Sora	cut380	Clayton
Sora	cut381	Goofy
Sora	cut381	Jane
Sora	cut381	Tarzan
Sora	cut381	Sora 
Sora	cut381	Donald
Sora	cut382	Jane
Sora	cut382	Donald
Sora	cut382	Tarzan
Sora	cut383	Donald
Sora	cut383	Goofy
Sora	cut384	Yuffie
Sora	cut384	Leon
Sora	cut384	Aerith
Sora	cut384	Sora, Donald & Goofy
Sora	cut384	Donald
Sora	cut384	Goofy
Sora	cut385	Moogle
Sora	cut385	Cid
Sora	cut385	Donald
Sora	cut385	Goofy
Sora	cut386	Kairi
Sora	cut386	Goofy
Sora	cut387	??????
Sora	cut387	Donald
Sora	cut387	Goofy
Sora	cut387	Merlin
Sora	cut387	?????
Sora	cut387	Fairy Godmother
Sora	cut388	????
Sora	cut388	Pooh 
Sora	cut388	Sora 
Sora	cut388	Pooh
Sora	cut389	Riku
Sora	cut389	Sora 
Sora	cut389	Riku 
Sora	cut389	Donald
Sora	cut389	Goofy
Sora	cut389	Donald 
Sora	cut390	Cid
Sora	cut390	Leon
Sora	cut390	Aerith
Sora	cut390	Donald
Sora	cut391	Cid
Sora	cut391	Aerith
Sora	cut391	Yuffie
Sora	cut392	Cid
Sora	cut393	Jiminy 
Sora	cut393	Pinocchio
Sora	cut393	Jiminy
Sora	cut394	???????
Sora	cut394	Goofy
Sora	cut394	Jasmine
Sora	cut395	Jafar
Sora	cut396	Goofy
Sora	cut396	Aladdin
Sora	cut396	Genie
Sora	cut396	Donald
Sora	cut396	Genie 
Sora	cut396	Aladdin 
Sora	cut397	Genie
Sora	cut397	Aladdin
Sora	cut397	Genie 
Sora	cut398	Aladdin
Sora	cut398	Genie
Sora	cut398	Donald
Sora	cut400	Maleficent
Sora	cut400	Jafar
Sora	cut400	Aladdin
Sora	cut400	Goofy
Sora	cut400	Donald
Sora	cut400	Genie
Sora	cut401	Aladdin
Sora	cut401	Goofy
Sora	cut402	Aladdin
Sora	cut402	Goofy
Sora	cut402	Donald
Sora	cut402	Genie
Sora	cut402	Genie 
Sora	cut403	Goofy
Sora	cut404	??????
Sora	cut404	Piglet
Sora	cut404	Piglet 
Sora	cut404	Pooh
Sora	cut405	Pooh
Sora	cut405	Owl
Sora	cut405	Pooh 
Sora	cut406	Donald
Sora	cut406	Goofy
Sora	cut406	Jiminy
Sora	cut407	Riku
Sora	cut407	Sora 
Sora	cut408	Donald
Sora	cut408	Goofy
Sora	cut408	Pinocchio
Sora	cut408	Jiminy
Sora	cut409	????????
Sora	cut409	Pinocchio
Sora	cut409	Geppetto
Sora	cut410	Geppetto
Sora	cut410	Goofy
Sora	cut410	Sora 
Sora	cut410	Riku
Sora	cut411	Maleficent
Sora	cut411	Riku
Sora	cut412	Riku
Sora	cut413	Geppetto
Sora	cut413	Riku
Sora	cut414	Riku
Sora	cut414	Riku 
Sora	cut414	Jiminy
Sora	cut414	Pinocchio 
Sora	cut414	Pinocchio
Sora	cut414	Donald
Sora	cut415	Goofy
Sora	cut415	Donald
Sora	cut416	??????
Sora	cut416	Tigger
Sora	cut416	Pooh
Sora	cut417	Hercules
Sora	cut417	Philoctetes
Sora	cut418	Donald
Sora	cut419	?????
Sora	cut419	Sebastian
Sora	cut419	Ariel
Sora	cut419	Flounder
Sora	cut419	Sora 
Sora	cut420	Triton
Sora	cut420	Ariel
Sora	cut420	Sebastian 
Sora	cut420	Triton 
Sora	cut420	Goofy 
Sora	cut420	Goofy
Sora	cut420	Sebastian
Sora	cut421	Ariel
Sora	cut421	Flounder
Sora	cut422	Triton
Sora	cut422	Ariel
Sora	cut422	Ariel 
Sora	cut422	Sora 
Sora	cut422	Goofy
Sora	cut423	Flotsam
Sora	cut423	Jetsam
Sora	cut423	Ariel
Sora	cut423	Flotsam & Jetsam
Sora	cut423	Ursula
Sora	cut423	Ariel 
Sora	cut423	Triton 
Sora	cut423	Sebastian
Sora	cut424	Triton
Sora	cut424	Sebastian
Sora	cut425	Ursula
Sora	cut425	Ariel
Sora	cut425	Triton
Sora	cut425	Goofy
Sora	cut426	Ariel
Sora	cut426	Ariel 
Sora	cut426	Sebastian 
Sora	cut427	Donald
Sora	cut427	Goofy
Sora	cut428	Piglet
Sora	cut428	Pooh
Sora	cut428	Pooh 
Sora	cut428	Eeyore
Sora	cut428	Owl
Sora	cut429	Donald
Sora	cut430	Jack
Sora	cut430	Sora 
Sora	cut430	Finkelstein
Sora	cut430	Finkelstein 
Sora	cut430	Jack 
Sora	cut432	Finkelstein
Sora	cut432	Barrel
Sora	cut432	Jack
Sora	cut433	Jack
Sora	cut434	Goofy
Sora	cut434	Donald
Sora	cut435	Riku
Sora	cut435	????
Sora	cut435	Riku 
Sora	cut435	???? 
Sora	cut435	Hook 
Sora	cut435	Captain Hook
Sora	cut435	Smee
Sora	cut436	Goofy
Sora	cut436	Donald
Sora	cut436	?????
Sora	cut436	????? 
Sora	cut436	Peter Pan
Sora	cut437	Peter Pan
Sora	cut437	?????
Sora	cut437	Wendy
Sora	cut437	Peter Pan 
Sora	cut439	Captain Hook
Sora	cut439	Captain Hook 
Sora	cut439	Peter Pan
Sora	cut440	Genie
Sora	cut441	Goofy
Sora	cut441	Donald
Sora	cut441	Peter Pan
Sora	cut442	Riku
Sora	cut442	Sora 
Sora	cut442	Maleficent 
Sora	cut442	Maleficent
Sora	cut443	Wendy
Sora	cut443	Peter Pan
Sora	cut444	Donald
Sora	cut445	Pinocchio
Sora	cut445	Geppetto
Sora	cut446	Donald
Sora	cut446	Goofy
Sora	cut446	Kairi
Sora	cut446	Grandmother
Sora	cut446	Sora 
Sora	cut447	Hercules
Sora	cut447	Donald
Sora	cut447	Goofy
Sora	cut448	Hercules
Sora	cut448	Philoctetes
Sora	cut448	Hercules 
Sora	cut449	Goofy
Sora	cut449	Donald
Sora	cut450	Riku
Sora	cut450	Beast
Sora	cut450	Riku 
Sora	cut450	Sora & Goofy
Sora	cut450	Donald
Sora	cut450	Goofy
Sora	cut451	Beast
Sora	cut451	Riku
Sora	cut451	Goofy
Sora	cut451	Donald
Sora	cut451	Sora 
Sora	cut452	Maleficent
Sora	cut452	Sora 
Sora	cut453	Maleficent
Sora	cut454	Riku
Sora	cut454	Donald
Sora	cut454	Maleficent
Sora	cut455	Sora 
Sora	cut455	Riku
Sora	cut455	Donald
Sora	cut455	Riku 
Sora	cut455	Ansem
Sora	cut455	Kairi
Sora	cut456	Donald
Sora	cut456	Goofy
Sora	cut456	Kairi
Sora	cut456	Donald 
Sora	cut456	Ansem
Sora	cut456	Goofy 
Sora	cut456	Riku
Sora	cut457	Donald
Sora	cut457	Kairi
Sora	cut457	Goofy
Sora	cut457	Donald & Goofy
Sora	cut457	Beast
Sora	cut458	Leon
Sora	cut458	Aerith
Sora	cut458	Sora 
Sora	cut459	Yuffie
Sora	cut459	Kairi
Sora	cut459	Aerith
Sora	cut459	Leon
Sora	cut459	Cid
Sora	cut460	Kairi
Sora	cut460	Sora 
Sora	cut460	Kairi 
Sora	cut461	Tigger
Sora	cut461	Roo
Sora	cut461	Owl
Sora	cut461	Owl 
Sora	cut461	Pooh
Sora	cut461	Piglet
Sora	cut462	Beast
Sora	cut462	Goofy
Sora	cut462	Donald
Sora	cut463	Beast
Sora	cut463	Belle
Sora	cut463	Cinderella
Sora	cut463	Aurora
Sora	cut463	Jasmine
Sora	cut463	Alice
Sora	cut463	Snow White
Sora	cut464	Yuffie
Sora	cut464	Aerith
Sora	cut464	Leon
Sora	cut464	Leon 
Sora	cut465	Leon
Sora	cut465	Aerith
Sora	cut465	Yuffie
Sora	cut465	Donald
Sora	cut465	Goofy
Sora	cut466	Alice
Sora	cut466	Jasmine
Sora	cut466	Aurora
Sora	cut466	Cinderella
Sora	cut466	Snow White
Sora	cut466	Snow Whtie
Sora	cut466	Aerith
Sora	cut466	Yuffie
Sora	cut466	Leon
Sora	cut466	Belle
Sora	cut467	Sora 
Sora	cut467	??????
Sora	cut467	Goofy
Sora	cut468	Pooh 
Sora	cut468	Pooh
Sora	cut468	Eeyore
Sora	cut468	Tigger
Sora	cut468	Roo
Sora	cut468	Owl
Sora	cut468	Rabbit
Sora	cut468	Piglet
Sora	cut469	Piglet
Sora	cut469	Tigger
Sora	cut469	Pooh
Sora	cut469	Tigger 
Sora	cut470	Goofy
Sora	cut470	Donald
Sora	cut470	Sora & Donald
Sora	cut470	Goofy 
Sora	cut470	Sora 
Sora	cut471	Donald
Sora	cut471	Voice
Sora	cut472	Ansem
Sora	cut472	Goofy
Sora	cut472	Sora 
Sora	cut473	Ansem
Sora	cut473	Riku
Sora	cut474	Ansem
Sora	cut474	Goofy
Sora	cut474	Donald
Sora	cut474	Donald 
Sora	cut475	Ansem
Sora	cut476	Donald
Sora	cut476	Donald & Goofy
Sora	cut476	Riku
Sora	cut476	Mickey
Sora	cut476	Goofy
Sora	cut476	Riku 
Sora	cut476	Mickey 
Sora	cut476	Kairi
Sora	cut477	Donald
Sora	cut477	Goofy
Sora	cut477	Voice
Riku	cut2	Kairi
Riku	cut3	Kairi
Riku	cut3	Sora
Riku	cut4	Sora
Riku	cut4	Kairi
Riku	cut5	Sora
Riku	cut5	Kairi
Riku	cut7	Sora
Riku	cut8	Sora
Riku	cut9	Sora
Riku	cut10	Sora
Riku	cut10	Kairi
Riku	cut11	Sora
Riku	cut12	Sora
Riku	cut16	Sora
Riku	cut17	Sora
Riku	cut18	Sora
Riku	cut22	Sora
Riku	cut23	Donald
Riku	cut23	Sora
Riku	cut24	Goofy
Riku	cut24	Donald
Riku	cut24	Sora
Riku	cut25	Sora
Riku	cut26	Maleficent
Riku	cut26	Hades
Riku	cut27	Maleficent
Riku	cut28	????
Riku	cut28	Maleficent
Riku	cut29	Maleficent
Riku	cut30	Sora
Riku	cut31	Sora
Riku	cut33	Sora
Riku	cut34	Sora
Riku	cut35	Sora
Riku	cut37	Sora
Riku	cut38	Maleficent
Riku	cut40	Sora
Riku	cut42	Geppetto
Riku	cut42	Sora
Riku	cut44	Sora
Riku	cut45	Sora
Riku	cut45	Jiminy
Riku	cut45	Pinocchio
Riku	cut46	Maleficent
Riku	cut47	Maleficent
Riku	cut48	Maleficent
Riku	cut51	Sora
Riku	cut53	Sora
Riku	cut53	????
Riku	cut54	Sora
Riku	cut55	Sora
Riku	cut58	Captain Hook
Riku	cut59	Captain Hook
Riku	cut59	Smee
Riku	cut60	Sora
Riku	cut61	Maleficent
Riku	cut63	Beast
Riku	cut64	Sora
Riku	cut68	Sora
Riku	cut72	Sora
Riku	cut73	Sora
Riku	cut74	Goofy
Riku	cut75	Donald
Riku	cut75	Goofy
Riku	cut75	Sora
Riku	cut76	Sora
Riku	cut78	?????
Riku	cut80	?????
Riku	cut81	Maleficent
Riku	cut82	Maleficent
Riku	cut84	Sora
Riku	cut85	Donald
Riku	cut88	Donald
Riku	cut89	Sora
Riku	cut91	Sora
Riku	cut92	Sora
Riku	cut93	Donald
Riku	cut93	Sora
Riku	cut94	Sora
Riku	cut95	Sora
Riku	cut97	Kairi
Riku	cut101	?????
Riku	cut102	?????
Riku	cut103	?????
Riku	cut107	Sora
Riku	cut108	Mickey
Riku	cut108	Donald
Riku	cut108	Sora
Riku	cut108	Goofy
Riku	cut110	????
Riku	cut110	Kairi
Riku	cut110	Sora
Riku	cut110	Kairi 
Riku	cut111	Sora
Riku	cut111	Kairi
Riku	cut111	Sora 
Riku	cut112	Sora
Riku	cut112	Kairi
Riku	cut112	Kairi 
Riku	cut112	Selphie
Riku	cut112	Tidus
Riku	cut112	Wakka
Riku	cut113	Kairi
Riku	cut113	Sora
Riku	cut113	Sora’s Mom
Riku	cut113	Riku 
Riku	cut113	Sora 
Riku	cut113	Voice
Riku	cut113	Goofy
Riku	cut113	Donald
Riku	cut114	Riku 
Riku	cut115	Sora
Riku	cut115	Sora 
Riku	cut115	Riku 
Riku	cut115	Donald
Riku	cut115	Goofy
Riku	cut115	Donald 
Riku	cut116	Hades
Riku	cut116	Maleficent
Riku	cut116	????
Riku	cut116	Riku 
Riku	cut116	Maleficent 
Riku	cut117	Sora
Riku	cut117	Sora 
Riku	cut118	Geppetto
Riku	cut118	Sora
Riku	cut118	Goofy
Riku	cut118	Sora 
Riku	cut119	Maleficent
Riku	cut119	Sora
Riku	cut120	Sora
Riku	cut121	Geppetto
Riku	cut121	Sora
Riku	cut122	Sora
Riku	cut122	Riku 
Riku	cut122	Jiminy
Riku	cut122	Pinocchio 
Riku	cut122	Pinocchio
Riku	cut122	Donald
Riku	cut123	Maleficent
Riku	cut124	Sora
Riku	cut124	????
Riku	cut124	Riku 
Riku	cut124	???? 
Riku	cut124	Hook 
Riku	cut124	Captain Hook
Riku	cut124	Smee
Riku	cut125	Captain Hook
Riku	cut125	Smee
Riku	cut125	Hook 
Riku	cut126	Sora 
Riku	cut126	Sora
Riku	cut126	Maleficent 
Riku	cut126	Maleficent
Riku	cut127	Beast
Riku	cut127	Riku 
Riku	cut127	Sora
Riku	cut127	Sora & Goofy
Riku	cut127	Donald
Riku	cut127	Goofy
Riku	cut128	Beast
Riku	cut128	Sora
Riku	cut128	Goofy
Riku	cut128	Donald
Riku	cut128	Sora 
Riku	cut129	?????
Riku	cut130	Maleficent
Riku	cut131	Sora
Riku	cut131	Donald
Riku	cut131	Maleficent
Riku	cut132	Donald
Riku	cut133	Sora
Riku	cut133	Sora 
Riku	cut133	Donald
Riku	cut133	Riku 
Riku	cut133	Ansem
Riku	cut133	Kairi
Riku	cut134	Sora
Riku	cut134	Donald
Riku	cut134	Goofy
Riku	cut134	Kairi
Riku	cut134	Donald 
Riku	cut134	Ansem
Riku	cut134	Goofy 
Riku	cut135	?????
Riku	cut136	Sora
Riku	cut136	Ansem
Riku	cut137	Sora
Riku	cut137	Donald
Riku	cut137	Donald & Goofy
Riku	cut137	Mickey
Riku	cut137	Goofy
Riku	cut137	Riku 
Riku	cut137	Mickey 
Riku	cut137	Kairi
Wakka	cut3	Kairi
Wakka	cut3	Sora
Wakka	cut3	Selphie
Wakka	cut3	Tidus
Wakka	cut4	Riku
Wakka	cut4	Sora
Wakka	cut4	Kairi
Wakka	cut4	Kairi 
Wakka	cut4	Selphie
Wakka	cut4	Tidus
Selphie	cut4	Kairi
Selphie	cut4	Sora
Selphie	cut4	Wakka
Selphie	cut4	Tidus
Selphie	cut5	Riku
Selphie	cut5	Sora
Selphie	cut5	Kairi
Selphie	cut5	Kairi 
Selphie	cut5	Tidus
Selphie	cut5	Wakka
Tidus	cut4	Kairi
Tidus	cut4	Sora
Tidus	cut4	Wakka
Tidus	cut4	Selphie
Tidus	cut5	Riku
Tidus	cut5	Sora
Tidus	cut5	Kairi
Tidus	cut5	Kairi 
Tidus	cut5	Selphie
Tidus	cut5	Wakka
Donald	cut5	Goofy
Donald	cut6	Daisy
Donald	cut6	Minnie
Donald	cut6	Goofy
Donald	cut8	Goofy
Donald	cut8	Jiminy
Donald	cut12	Goofy
Donald	cut13	Goofy
Donald	cut14	Goofy
Donald	cut15	Goofy
Donald	cut16	Goofy
Donald	cut17	Goofy
Donald	cut18	Goofy
Donald	cut19	Aerith
Donald	cut19	Goofy
Donald	cut20	Goofy
Donald	cut20	Aerith
Donald	cut21	Aerith
Donald	cut21	Goofy
Donald	cut22	Aerith
Donald	cut22	Sora
Donald	cut25	Goofy
Donald	cut26	Leon
Donald	cut26	Sora
Donald	cut27	Goofy
Donald	cut28	Sora
Donald	cut29	Goofy
Donald	cut29	Sora
Donald	cut31	Sora
Donald	cut31	Goofy
Donald	cut32	Goofy
Donald	cut33	Goofy
Donald	cut33	Sora
Donald	cut33	Jiminy
Donald	cut34	Goofy
Donald	cut36	Sora
Donald	cut36	Goofy
Donald	cut36	Queen of Hearts
Donald	cut37	Alice
Donald	cut37	Sora
Donald	cut37	Goofy
Donald	cut37	Card Soldier
Donald	cut38	Cheshire Cat
Donald	cut38	Sora
Donald	cut39	Sora
Donald	cut39	Cheshire Cat
Donald	cut40	Queen of Hearts
Donald	cut41	Queen of Hearts
Donald	cut42	Sora
Donald	cut43	Goofy
Donald	cut44	Sora
Donald	cut44	Goofy
Donald	cut45	Philoctetes
Donald	cut46	Goofy
Donald	cut46	Philoctetes
Donald	cut47	Hades
Donald	cut48	Philoctetes
Donald	cut48	Goofy
Donald	cut48	Hercules
Donald	cut49	Goofy
Donald	cut49	Sora
Donald	cut50	Sora
Donald	cut52	Goofy
Donald	cut54	Sora
Donald	cut54	Goofy
Donald	cut55	Goofy
Donald	cut55	Tarzan
Donald	cut56	Goofy
Donald	cut57	Tarzan
Donald	cut58	Sora
Donald	cut58	Goofy
Donald	cut58	Tarzan
Donald	cut59	Tarzan
Donald	cut59	Jane
Donald	cut59	Sora
Donald	cut59	Goofy
Donald	cut60	Goofy
Donald	cut62	Sora
Donald	cut62	Jane
Donald	cut62	Tarzan
Donald	cut63	Sora
Donald	cut63	Goofy
Donald	cut64	Leon
Donald	cut64	Sora
Donald	cut64	Aerith
Donald	cut64	Sora, Donald & Goofy
Donald	cut64	Goofy
Donald	cut65	Cid
Donald	cut65	Goofy
Donald	cut65	Sora
Donald	cut66	??????
Donald	cut66	Sora
Donald	cut66	Goofy
Donald	cut66	Merlin
Donald	cut67	Riku
Donald	cut67	Sora
Donald	cut68	Goofy
Donald	cut68	Sora
Donald	cut68	Riku
Donald	cut69	Sora
Donald	cut70	Cid
Donald	cut70	Sora
Donald	cut70	Leon
Donald	cut70	Aerith
Donald	cut72	Genie
Donald	cut73	Goofy
Donald	cut73	Sora
Donald	cut73	Aladdin
Donald	cut74	Aladdin
Donald	cut74	Genie
Donald	cut74	Sora
Donald	cut75	Jafar
Donald	cut75	Goofy
Donald	cut76	Goofy
Donald	cut76	Sora
Donald	cut76	Genie
Donald	cut76	Aladdin
Donald	cut77	Sora
Donald	cut81	Pinocchio
Donald	cut82	Sora
Donald	cut83	Goofy
Donald	cut83	Sora
Donald	cut84	Sora
Donald	cut85	Sebastian
Donald	cut86	Sora
Donald	cut86	Goofy
Donald	cut87	Goofy
Donald	cut88	Finkelstein
Donald	cut88	Sora
Donald	cut90	Goofy
Donald	cut90	Sora
Donald	cut91	?????
Donald	cut93	Sora
Donald	cut94	Goofy
Donald	cut94	Sora
Donald	cut95	Hercules
Donald	cut95	Sora
Donald	cut95	Goofy
Donald	cut96	Sora
Donald	cut97	Sora & Goofy
Donald	cut98	Goofy
Donald	cut100	Goofy
Donald	cut101	Goofy
Donald	cut101	Sora
Donald	cut101	Riku
Donald	cut102	Riku
Donald	cut103	Riku
Donald	cut104	Sora
Donald	cut104	Riku
Donald	cut105	Goofy
Donald	cut106	Goofy
Donald	cut109	Goofy
Donald	cut110	Goofy
Donald	cut111	Goofy
Donald	cut111	Kairi
Donald	cut116	Sora
Donald	cut116	Beast
Donald	cut116	Goofy
Donald	cut117	Leon
Donald	cut117	Aerith
Donald	cut117	Yuffie
Donald	cut117	Sora
Donald	cut118	Goofy
Donald	cut118	Sora
Donald	cut119	Goofy
Donald	cut120	Sora
Donald	cut120	Voice
Donald	cut122	Goofy
Donald	cut125	Donald & Goofy
Donald	cut127	Mickey
Donald	cut127	Sora
Donald	cut127	Goofy
Donald	cut127	Riku
Donald	cut130	Sora
Donald	cut130	Goofy
Donald	cut131	Goofy
Donald	cut131	Goofy 
Donald	cut131	Donald 
Donald	cut132	Daisy
Donald	cut132	Minnie
Donald	cut132	Goofy
Donald	cut132	??????
Donald	cut132	Jiminy
Donald	cut132	Donald 
Donald	cut133	Kairi
Donald	cut133	Sora
Donald	cut133	Sora’s Mom
Donald	cut133	Riku
Donald	cut133	Riku 
Donald	cut133	Sora 
Donald	cut133	Voice
Donald	cut133	Goofy
Donald	cut134	Goofy
Donald	cut134	Goofy 
Donald	cut134	Sora
Donald	cut135	Sora
Donald	cut135	???
Donald	cut135	Cid
Donald	cut135	Goofy
Donald	cut136	Goofy
Donald	cut136	??????
Donald	cut136	Kairi
Donald	cut136	Sora
Donald	cut136	Yuffie
Donald	cut136	Leon
Donald	cut136	Leon 
Donald	cut136	Aerith
Donald	cut136	Yuffie 
Donald	cut137	Yuffie
Donald	cut137	Leon
Donald	cut137	Sora
Donald	cut137	Aerith
Donald	cut137	Goofy
Donald	cut137	Donald & Goofy
Donald	cut138	Sora
Donald	cut138	Donald & Goofy 
Donald	cut138	Leon 
Donald	cut138	Goofy
Donald	cut138	Sora 
Donald	cut138	Goofy 
Donald	cut138	Donald 
Donald	cut138	Leon
Donald	cut139	Leon
Donald	cut139	Yuffie
Donald	cut139	Aerith
Donald	cut139	Sora
Donald	cut139	Goofy
Donald	cut139	Jiminy 
Donald	cut140	Goofy
Donald	cut141	White Rabbit
Donald	cut141	Sora
Donald	cut141	Doorknob
Donald	cut141	Goofy 
Donald	cut142	White Rabbit
Donald	cut142	Alice
Donald	cut142	Queen of Hearts
Donald	cut142	Queen of Hearts 
Donald	cut142	Sora
Donald	cut142	Goofy
Donald	cut142	Sora 
Donald	cut143	Queen of Hearts
Donald	cut143	Alice
Donald	cut143	Sora
Donald	cut143	Goofy
Donald	cut143	Card Soldier
Donald	cut144	Donald 
Donald	cut144	Cheshire Cat
Donald	cut144	Sora
Donald	cut145	Card Soldier
Donald	cut145	Sora
Donald	cut145	Queen of Hearts
Donald	cut145	Donald 
Donald	cut145	Queen of Hearts 
Donald	cut146	Doorknob
Donald	cut146	Sora
Donald	cut146	Goofy
Donald	cut146	Cheshire Cat
Donald	cut147	Sora
Donald	cut147	????
Donald	cut147	Philoctetes
Donald	cut147	Donald 
Donald	cut147	Goofy
Donald	cut147	Philoctetes 
Donald	cut148	Hades
Donald	cut148	Sora
Donald	cut149	Philoctetes
Donald	cut149	Goofy
Donald	cut149	Hercules
Donald	cut149	Sora
Donald	cut149	Hercules 
Donald	cut150	Goofy
Donald	cut150	Sora
Donald	cut151	Goofy
Donald	cut151	Donald 
Donald	cut152	Tarzan
Donald	cut152	Jane
Donald	cut152	Sora
Donald	cut152	???????
Donald	cut152	Goofy
Donald	cut152	Jane 
Donald	cut152	Donald & Sora 
Donald	cut152	Sora 
Donald	cut153	Tarzan
Donald	cut153	Goofy
Donald	cut153	Tarzan 
Donald	cut154	Goofy 
Donald	cut154	Donald 
Donald	cut155	Tarzan
Donald	cut155	Clayton 
Donald	cut156	Sora
Donald	cut156	Goofy
Donald	cut156	Tarzan
Donald	cut156	Jane
Donald	cut156	Sora 
Donald	cut157	Sora
Donald	cut157	Goofy
Donald	cut157	Jane
Donald	cut157	Tarzan
Donald	cut157	Sora 
Donald	cut158	Sora
Donald	cut158	Jane
Donald	cut158	Tarzan
Donald	cut159	Sora
Donald	cut159	Goofy
Donald	cut160	Yuffie
Donald	cut160	Leon
Donald	cut160	Sora
Donald	cut160	Aerith
Donald	cut160	Sora, Donald & Goofy
Donald	cut160	Goofy
Donald	cut161	Moogle
Donald	cut161	Cid
Donald	cut161	Goofy
Donald	cut161	Sora
Donald	cut162	??????
Donald	cut162	Sora
Donald	cut162	Goofy
Donald	cut162	Merlin
Donald	cut162	?????
Donald	cut162	Fairy Godmother
Donald	cut163	Riku
Donald	cut163	Sora
Donald	cut163	Sora 
Donald	cut163	Riku 
Donald	cut163	Goofy
Donald	cut163	Donald 
Donald	cut164	Cid
Donald	cut164	Sora
Donald	cut164	Leon
Donald	cut164	Aerith
Donald	cut166	Goofy
Donald	cut166	Aladdin
Donald	cut166	Genie
Donald	cut166	Sora
Donald	cut166	Genie 
Donald	cut166	Aladdin 
Donald	cut167	Aladdin
Donald	cut167	Genie
Donald	cut167	Sora
Donald	cut168	Maleficent
Donald	cut168	Jafar
Donald	cut168	Sora
Donald	cut168	Aladdin
Donald	cut168	Goofy
Donald	cut168	Genie
Donald	cut169	Aladdin
Donald	cut169	Sora
Donald	cut169	Goofy
Donald	cut169	Genie
Donald	cut169	Genie 
Donald	cut170	Sora
Donald	cut170	Goofy
Donald	cut170	Jiminy
Donald	cut171	Goofy
Donald	cut171	Sora
Donald	cut171	Pinocchio
Donald	cut171	Jiminy
Donald	cut172	Sora
Donald	cut172	Riku
Donald	cut172	Riku 
Donald	cut172	Jiminy
Donald	cut172	Pinocchio 
Donald	cut172	Pinocchio
Donald	cut173	Goofy
Donald	cut173	Sora
Donald	cut174	Sora
Donald	cut175	Sebastian
Donald	cut176	Sora
Donald	cut176	Goofy
Donald	cut177	Goofy
Donald	cut178	Sora
Donald	cut179	Goofy
Donald	cut179	Sora
Donald	cut180	Goofy
Donald	cut180	Sora
Donald	cut180	?????
Donald	cut180	????? 
Donald	cut180	Peter Pan
Donald	cut181	Goofy
Donald	cut181	Peter Pan
Donald	cut181	Sora
Donald	cut182	Sora
Donald	cut183	Goofy
Donald	cut183	Sora
Donald	cut183	Kairi
Donald	cut183	Grandmother
Donald	cut183	Sora 
Donald	cut184	Hercules
Donald	cut184	Sora
Donald	cut184	Goofy
Donald	cut185	Goofy
Donald	cut185	Sora
Donald	cut186	Riku
Donald	cut186	Beast
Donald	cut186	Riku 
Donald	cut186	Sora
Donald	cut186	Sora & Goofy
Donald	cut186	Goofy
Donald	cut187	Beast
Donald	cut187	Riku
Donald	cut187	Sora
Donald	cut187	Goofy
Donald	cut187	Sora 
Donald	cut188	Riku
Donald	cut188	Sora
Donald	cut188	Maleficent
Donald	cut189	Riku
Donald	cut190	Sora
Donald	cut190	Sora 
Donald	cut190	Riku
Donald	cut190	Riku 
Donald	cut190	Ansem
Donald	cut190	Kairi
Donald	cut191	Sora
Donald	cut191	Goofy
Donald	cut191	Kairi
Donald	cut191	Donald 
Donald	cut191	Ansem
Donald	cut191	Goofy 
Donald	cut191	Riku
Donald	cut192	Goofy
Donald	cut192	Kairi
Donald	cut193	Kairi
Donald	cut193	Goofy
Donald	cut193	Sora
Donald	cut193	Donald & Goofy
Donald	cut193	Beast
Donald	cut195	Sora
Donald	cut195	Beast
Donald	cut195	Goofy
Donald	cut196	Leon
Donald	cut196	Aerith
Donald	cut196	Yuffie
Donald	cut196	Sora
Donald	cut196	Goofy
Donald	cut197	Goofy
Donald	cut197	Sora
Donald	cut197	Sora & Donald
Donald	cut197	Goofy 
Donald	cut197	Sora 
Donald	cut198	Goofy
Donald	cut199	Sora
Donald	cut199	Voice
Donald	cut200	Ansem
Donald	cut200	Goofy
Donald	cut200	Sora
Donald	cut200	Donald 
Donald	cut201	Sora
Donald	cut201	Donald & Goofy
Donald	cut201	Riku
Donald	cut201	Mickey
Donald	cut201	Goofy
Donald	cut201	Riku 
Donald	cut201	Mickey 
Donald	cut201	Kairi
Donald	cut202	Sora
Donald	cut202	Goofy
Donald	cut202	Voice
Goofy	cut1	Donald
Goofy	cut2	Daisy
Goofy	cut2	Minnie
Goofy	cut2	Donald
Goofy	cut3	Jiminy
Goofy	cut3	Donald
Goofy	cut6	Donald
Goofy	cut7	Donald
Goofy	cut10	Donald
Goofy	cut11	Donald
Goofy	cut12	Donald
Goofy	cut13	Donald
Goofy	cut14	Donald
Goofy	cut15	Aerith
Goofy	cut15	Donald
Goofy	cut16	Yuffie
Goofy	cut17	Aerith
Goofy	cut17	Donald
Goofy	cut18	Aerith
Goofy	cut19	Aerith
Goofy	cut19	Donald
Goofy	cut21	Sora
Goofy	cut22	Donald
Goofy	cut23	Donald
Goofy	cut24	Sora
Goofy	cut24	Donald
Goofy	cut25	Sora
Goofy	cut25	Donald
Goofy	cut26	Donald
Goofy	cut27	Sora
Goofy	cut27	Donald
Goofy	cut27	Jiminy
Goofy	cut28	Donald
Goofy	cut29	Doorknob
Goofy	cut30	Sora
Goofy	cut30	Donald
Goofy	cut30	Queen of Hearts
Goofy	cut31	Queen of Hearts
Goofy	cut31	Sora
Goofy	cut32	Alice
Goofy	cut32	Sora
Goofy	cut32	Donald
Goofy	cut32	Card Soldier
Goofy	cut33	Sora
Goofy	cut33	Cheshire Cat
Goofy	cut34	Donald
Goofy	cut35	Sora
Goofy	cut35	Donald
Goofy	cut36	Donald
Goofy	cut36	Philoctetes
Goofy	cut37	Philoctetes
Goofy	cut37	Donald
Goofy	cut37	Hercules
Goofy	cut38	Donald
Goofy	cut38	Sora
Goofy	cut40	Donald
Goofy	cut42	Jane
Goofy	cut42	Sora
Goofy	cut42	Donald & Sora
Goofy	cut43	Sora
Goofy	cut43	Donald
Goofy	cut44	Sora
Goofy	cut45	Donald
Goofy	cut45	Tarzan
Goofy	cut46	Donald
Goofy	cut47	Sora
Goofy	cut47	Tarzan
Goofy	cut47	Donald
Goofy	cut49	Tarzan
Goofy	cut49	Jane
Goofy	cut49	Sora
Goofy	cut49	Donald
Goofy	cut50	Donald
Goofy	cut51	Sora
Goofy	cut51	Donald
Goofy	cut52	Leon
Goofy	cut52	Sora
Goofy	cut52	Aerith
Goofy	cut52	Sora, Donald & Goofy
Goofy	cut52	Donald
Goofy	cut53	Cid
Goofy	cut53	Donald
Goofy	cut53	Sora
Goofy	cut54	Sora
Goofy	cut55	??????
Goofy	cut55	Sora
Goofy	cut55	Donald
Goofy	cut55	Merlin
Goofy	cut56	Donald
Goofy	cut56	Sora
Goofy	cut56	Riku
Goofy	cut58	???????
Goofy	cut58	Jasmine
Goofy	cut58	Sora
Goofy	cut58	Jafar
Goofy	cut60	Genie
Goofy	cut60	Aladdin
Goofy	cut61	Donald
Goofy	cut61	Sora
Goofy	cut61	Aladdin
Goofy	cut62	Jafar
Goofy	cut62	Donald
Goofy	cut63	Aladdin
Goofy	cut64	Donald
Goofy	cut64	Sora
Goofy	cut64	Genie
Goofy	cut64	Aladdin
Goofy	cut65	Sora
Goofy	cut66	Jiminy
Goofy	cut67	Sora
Goofy	cut68	Sora
Goofy	cut70	Sora
Goofy	cut71	Donald
Goofy	cut71	Sora
Goofy	cut72	Sebastian
Goofy	cut72	Triton
Goofy	cut72	Ariel
Goofy	cut72	Sora
Goofy	cut73	Triton
Goofy	cut73	Sora
Goofy	cut74	Ariel
Goofy	cut74	Sora
Goofy	cut74	Triton
Goofy	cut75	Sora
Goofy	cut75	Donald
Goofy	cut76	Donald
Goofy	cut78	Sora
Goofy	cut78	Donald
Goofy	cut79	?????
Goofy	cut80	Peter Pan
Goofy	cut82	Donald
Goofy	cut82	Sora
Goofy	cut83	Sora
Goofy	cut84	Hercules
Goofy	cut84	Sora
Goofy	cut84	Donald
Goofy	cut85	Sora
Goofy	cut86	Sora
Goofy	cut87	Donald
Goofy	cut89	Riku
Goofy	cut90	Donald
Goofy	cut91	Donald
Goofy	cut91	Sora
Goofy	cut91	Riku
Goofy	cut92	Donald
Goofy	cut94	Sora
Goofy	cut95	Sora
Goofy	cut96	Donald
Goofy	cut97	Donald
Goofy	cut98	Donald
Goofy	cut99	Kairi
Goofy	cut99	Donald
Goofy	cut102	Sora
Goofy	cut102	Beast
Goofy	cut102	Donald
Goofy	cut103	????
Goofy	cut104	Leon
Goofy	cut105	Sora
Goofy	cut105	??????
Goofy	cut106	Sora
Goofy	cut106	Donald
Goofy	cut107	Sora & Donald
Goofy	cut108	Donald
Goofy	cut109	Ansem
Goofy	cut111	Donald
Goofy	cut112	Mickey
Goofy	cut112	Donald
Goofy	cut112	Sora
Goofy	cut112	Riku
Goofy	cut113	Sora
Goofy	cut115	Sora
Goofy	cut115	Donald
Goofy	cut116	Donald
Goofy	cut116	Goofy 
Goofy	cut116	Donald 
Goofy	cut117	Daisy
Goofy	cut117	Minnie
Goofy	cut117	Donald
Goofy	cut117	??????
Goofy	cut117	Jiminy
Goofy	cut117	Donald 
Goofy	cut118	Kairi
Goofy	cut118	Sora
Goofy	cut118	Sora’s Mom
Goofy	cut118	Riku
Goofy	cut118	Riku 
Goofy	cut118	Sora 
Goofy	cut118	Voice
Goofy	cut118	Donald
Goofy	cut119	Donald
Goofy	cut119	Goofy 
Goofy	cut119	Sora
Goofy	cut120	Sora
Goofy	cut120	???
Goofy	cut120	Cid
Goofy	cut120	Donald
Goofy	cut121	Donald
Goofy	cut121	??????
Goofy	cut121	Kairi
Goofy	cut121	Sora
Goofy	cut121	Yuffie
Goofy	cut121	Leon
Goofy	cut121	Leon 
Goofy	cut121	Aerith
Goofy	cut121	Yuffie 
Goofy	cut122	Yuffie
Goofy	cut122	Leon
Goofy	cut122	Sora
Goofy	cut122	Aerith
Goofy	cut122	Donald
Goofy	cut122	Donald & Goofy
Goofy	cut123	Sora
Goofy	cut123	Donald & Goofy 
Goofy	cut123	Leon 
Goofy	cut123	Sora 
Goofy	cut123	Donald
Goofy	cut123	Goofy 
Goofy	cut123	Donald 
Goofy	cut123	Leon
Goofy	cut124	Leon
Goofy	cut124	Yuffie
Goofy	cut124	Aerith
Goofy	cut124	Donald
Goofy	cut124	Sora
Goofy	cut124	Jiminy 
Goofy	cut125	Donald
Goofy	cut126	White Rabbit
Goofy	cut126	Sora
Goofy	cut126	Doorknob
Goofy	cut126	Donald
Goofy	cut126	Goofy 
Goofy	cut127	White Rabbit
Goofy	cut127	Alice
Goofy	cut127	Queen of Hearts
Goofy	cut127	Queen of Hearts 
Goofy	cut127	Sora
Goofy	cut127	Donald
Goofy	cut127	Sora 
Goofy	cut128	Queen of Hearts
Goofy	cut128	Alice
Goofy	cut128	Sora
Goofy	cut128	Donald
Goofy	cut128	Card Soldier
Goofy	cut129	Card Soldier
Goofy	cut129	Sora
Goofy	cut129	Cheshire Cat
Goofy	cut129	Flower
Goofy	cut130	Doorknob
Goofy	cut130	Donald
Goofy	cut130	Sora
Goofy	cut130	Cheshire Cat
Goofy	cut131	Sora
Goofy	cut131	????
Goofy	cut131	Philoctetes
Goofy	cut131	Donald 
Goofy	cut131	Philoctetes 
Goofy	cut132	Philoctetes
Goofy	cut132	Donald
Goofy	cut132	Hercules
Goofy	cut132	Sora
Goofy	cut132	Hercules 
Goofy	cut133	Donald
Goofy	cut133	Sora
Goofy	cut134	Donald 
Goofy	cut134	Donald
Goofy	cut135	Tarzan
Goofy	cut135	Jane
Goofy	cut135	Sora
Goofy	cut135	???????
Goofy	cut135	Jane 
Goofy	cut135	Donald & Sora 
Goofy	cut135	Sora 
Goofy	cut135	Donald
Goofy	cut136	Jane
Goofy	cut136	Sora
Goofy	cut136	Jane 
Goofy	cut136	Clayton
Goofy	cut137	Tarzan
Goofy	cut137	Donald
Goofy	cut137	Tarzan 
Goofy	cut138	Goofy 
Goofy	cut138	Donald 
Goofy	cut139	Sora
Goofy	cut139	Tarzan
Goofy	cut139	Donald
Goofy	cut139	Jane
Goofy	cut139	Sora 
Goofy	cut140	Sora
Goofy	cut140	Jane
Goofy	cut140	Tarzan
Goofy	cut140	Sora 
Goofy	cut140	Donald
Goofy	cut141	Sora
Goofy	cut141	Donald
Goofy	cut142	Yuffie
Goofy	cut142	Leon
Goofy	cut142	Sora
Goofy	cut142	Aerith
Goofy	cut142	Sora, Donald & Goofy
Goofy	cut142	Donald
Goofy	cut143	Moogle
Goofy	cut143	Cid
Goofy	cut143	Donald
Goofy	cut143	Sora
Goofy	cut144	Kairi
Goofy	cut144	Sora
Goofy	cut145	??????
Goofy	cut145	Sora
Goofy	cut145	Donald
Goofy	cut145	Merlin
Goofy	cut145	?????
Goofy	cut145	Fairy Godmother
Goofy	cut146	Riku
Goofy	cut146	Sora
Goofy	cut146	Sora 
Goofy	cut146	Riku 
Goofy	cut146	Donald
Goofy	cut146	Donald 
Goofy	cut147	???????
Goofy	cut147	Jasmine
Goofy	cut147	Sora
Goofy	cut148	Aladdin
Goofy	cut148	Genie
Goofy	cut148	Sora
Goofy	cut148	Donald
Goofy	cut148	Genie 
Goofy	cut148	Aladdin 
Goofy	cut149	Maleficent
Goofy	cut149	Jafar
Goofy	cut149	Sora
Goofy	cut149	Aladdin
Goofy	cut149	Donald
Goofy	cut149	Genie
Goofy	cut150	Sora
Goofy	cut150	Aladdin
Goofy	cut151	Aladdin
Goofy	cut151	Sora
Goofy	cut151	Donald
Goofy	cut151	Genie
Goofy	cut151	Genie 
Goofy	cut152	Sora
Goofy	cut153	Donald
Goofy	cut153	Sora
Goofy	cut153	Jiminy
Goofy	cut154	Donald
Goofy	cut154	Sora
Goofy	cut154	Pinocchio
Goofy	cut154	Jiminy
Goofy	cut155	Geppetto
Goofy	cut155	Sora
Goofy	cut155	Sora 
Goofy	cut155	Riku
Goofy	cut156	Donald
Goofy	cut156	Sora
Goofy	cut157	Triton
Goofy	cut157	Ariel
Goofy	cut157	Sebastian 
Goofy	cut157	Triton 
Goofy	cut157	Sora
Goofy	cut157	Goofy 
Goofy	cut157	Sebastian
Goofy	cut158	Triton
Goofy	cut158	Ariel
Goofy	cut158	Ariel 
Goofy	cut158	Sora 
Goofy	cut158	Sora
Goofy	cut159	Ursula
Goofy	cut159	Ariel
Goofy	cut159	Sora
Goofy	cut159	Triton
Goofy	cut160	Sora
Goofy	cut160	Donald
Goofy	cut161	Donald
Goofy	cut162	Donald
Goofy	cut162	Sora
Goofy	cut163	Sora
Goofy	cut163	Donald
Goofy	cut163	?????
Goofy	cut163	????? 
Goofy	cut163	Peter Pan
Goofy	cut164	Peter Pan
Goofy	cut165	Donald
Goofy	cut165	Peter Pan
Goofy	cut165	Sora
Goofy	cut166	Donald
Goofy	cut166	Sora
Goofy	cut166	Kairi
Goofy	cut166	Grandmother
Goofy	cut166	Sora 
Goofy	cut167	Hercules
Goofy	cut167	Sora
Goofy	cut167	Donald
Goofy	cut168	Sora
Goofy	cut168	Donald
Goofy	cut169	Riku
Goofy	cut169	Beast
Goofy	cut169	Riku 
Goofy	cut169	Sora
Goofy	cut169	Sora & Goofy
Goofy	cut169	Donald
Goofy	cut170	Beast
Goofy	cut170	Riku
Goofy	cut170	Sora
Goofy	cut170	Donald
Goofy	cut170	Sora 
Goofy	cut171	Sora
Goofy	cut171	Donald
Goofy	cut171	Kairi
Goofy	cut171	Donald 
Goofy	cut171	Ansem
Goofy	cut171	Goofy 
Goofy	cut171	Riku
Goofy	cut172	Kairi
Goofy	cut172	Donald
Goofy	cut173	Donald
Goofy	cut173	Kairi
Goofy	cut173	Sora
Goofy	cut173	Donald & Goofy
Goofy	cut173	Beast
Goofy	cut174	Sora
Goofy	cut174	Beast
Goofy	cut174	Donald
Goofy	cut175	????
Goofy	cut176	Leon
Goofy	cut176	Aerith
Goofy	cut176	Yuffie
Goofy	cut176	Sora
Goofy	cut176	Donald
Goofy	cut177	Sora 
Goofy	cut177	??????
Goofy	cut177	Sora
Goofy	cut178	Sora
Goofy	cut178	Donald
Goofy	cut178	Sora & Donald
Goofy	cut178	Goofy 
Goofy	cut178	Sora 
Goofy	cut179	Donald
Goofy	cut180	Sora
Goofy	cut180	Ansem
Goofy	cut180	Sora 
Goofy	cut181	Ansem
Goofy	cut181	Donald
Goofy	cut181	Sora
Goofy	cut181	Donald 
Goofy	cut182	Sora
Goofy	cut182	Donald
Goofy	cut182	Donald & Goofy
Goofy	cut182	Riku
Goofy	cut182	Mickey
Goofy	cut182	Riku 
Goofy	cut182	Mickey 
Goofy	cut182	Kairi
Goofy	cut183	Donald
Goofy	cut183	Sora
Goofy	cut183	Voice
Daisy	cut1	Minnie
Daisy	cut1	Goofy
Daisy	cut1	Donald
Daisy	cut2	Minnie
Daisy	cut2	Goofy
Daisy	cut2	Donald
Daisy	cut2	??????
Daisy	cut2	Jiminy
Daisy	cut2	Donald 
Minnie	cut1	Daisy
Minnie	cut1	Goofy
Minnie	cut1	Donald
Minnie	cut3	Daisy
Minnie	cut3	Goofy
Minnie	cut3	Donald
Minnie	cut3	??????
Minnie	cut3	Jiminy
Minnie	cut3	Donald 
??????	cut3	Sora
??????	cut5	Sora
??????	cut6	Sora
??????	cut9	Sora
??????	cut12	Sora
??????	cut13	Sora
??????	cut14	Sora
??????	cut15	Sora
??????	cut16	Sora
??????	cut17	Sora
??????	cut18	Sora
??????	cut19	??????????
??????	cut21	Sora
??????	cut21	Donald
??????	cut21	Goofy
??????	cut21	Merlin
??????	cut25	Piglet
??????	cut25	Pooh
??????	cut26	Pooh
??????	cut28	Sora
??????	cut28	Goofy
??????	cut29	Sora
??????	cut33	Sora
??????	cut35	Sora
??????	cut38	Daisy
??????	cut38	Minnie
??????	cut38	Goofy
??????	cut38	Donald
??????	cut38	Jiminy
??????	cut38	Donald 
??????	cut39	Sora
??????	cut39	Leon
??????	cut40	Goofy
??????	cut40	Donald
??????	cut40	Kairi
??????	cut40	Sora
??????	cut40	Yuffie
??????	cut40	Leon
??????	cut40	Leon 
??????	cut40	Aerith
??????	cut40	Yuffie 
??????	cut41	?????
??????	cut41	????
??????	cut41	??????????
??????	cut42	Sora
??????	cut42	?????? 
??????	cut42	Sora 
??????	cut43	?????
??????	cut43	??????????
??????	cut44	Sora
??????	cut44	Donald
??????	cut44	Goofy
??????	cut44	Merlin
??????	cut44	?????
??????	cut44	Fairy Godmother
??????	cut45	Piglet
??????	cut45	Sora
??????	cut45	Piglet 
??????	cut45	Pooh
??????	cut46	Piglet
??????	cut46	Pooh 
??????	cut46	Pooh
??????	cut46	Rabbit
??????	cut46	Rabbit 
??????	cut47	Tigger
??????	cut47	Pooh
??????	cut47	Sora
??????	cut48	Sora 
??????	cut48	Goofy
??????	cut48	Sora
Jiminy	cut1	Goofy
Jiminy	cut1	Donald
Jiminy	cut2	Goofy
Jiminy	cut2	Sora
Jiminy	cut2	Donald
Jiminy	cut4	Pinocchio
Jiminy	cut7	Pinocchio
Jiminy	cut8	Pinocchio
Jiminy	cut9	Pinocchio
Jiminy	cut9	Sora
Jiminy	cut10	Sora
Jiminy	cut11	Goofy
Jiminy	cut14	Sora
Jiminy	cut14	Riku
Jiminy	cut14	Pinocchio
Jiminy	cut15	Daisy
Jiminy	cut15	Minnie
Jiminy	cut15	Goofy
Jiminy	cut15	Donald
Jiminy	cut15	??????
Jiminy	cut15	Donald 
Jiminy	cut16	Leon
Jiminy	cut16	Yuffie
Jiminy	cut16	Aerith
Jiminy	cut16	Donald
Jiminy	cut16	Sora
Jiminy	cut16	Goofy
Jiminy	cut16	Jiminy 
Jiminy	cut17	Pinocchio 
Jiminy	cut18	Jiminy 
Jiminy	cut18	Pinocchio
Jiminy	cut18	Sora
Jiminy	cut19	Donald
Jiminy	cut19	Sora
Jiminy	cut19	Goofy
Jiminy	cut20	Donald
Jiminy	cut20	Goofy
Jiminy	cut20	Sora
Jiminy	cut20	Pinocchio
Jiminy	cut21	Sora
Jiminy	cut21	Riku
Jiminy	cut21	Riku 
Jiminy	cut21	Pinocchio 
Jiminy	cut21	Pinocchio
Jiminy	cut21	Donald
Sora’s Mom	cut2	Kairi
Sora’s Mom	cut2	Sora
Sora’s Mom	cut2	Riku
Sora’s Mom	cut2	Riku 
Sora’s Mom	cut2	Sora 
Sora’s Mom	cut2	Voice
Sora’s Mom	cut2	Goofy
Sora’s Mom	cut2	Donald
???	cut1	Sora
???	cut2	Sora
???	cut3	Sora
???	cut3	Cid
???	cut3	Goofy
???	cut3	Donald
Cid	cut1	Sora
Cid	cut3	Donald
Cid	cut3	Goofy
Cid	cut3	Sora
Cid	cut4	Sora
Cid	cut5	Sora
Cid	cut6	Sora
Cid	cut8	Sora
Cid	cut8	Leon
Cid	cut8	Aerith
Cid	cut8	Donald
Cid	cut9	Aerith
Cid	cut9	Sora
Cid	cut9	Yuffie
Cid	cut12	Sora
Cid	cut17	Sora
Cid	cut20	Sora
Cid	cut20	???
Cid	cut20	Goofy
Cid	cut20	Donald
Cid	cut21	Moogle
Cid	cut21	Donald
Cid	cut21	Goofy
Cid	cut21	Sora
Cid	cut22	Sora
Cid	cut22	Leon
Cid	cut22	Aerith
Cid	cut22	Donald
Cid	cut23	Aerith
Cid	cut23	Sora
Cid	cut23	Yuffie
Cid	cut24	Sora
Cid	cut27	Yuffie
Cid	cut27	Kairi
Cid	cut27	Aerith
Cid	cut27	Leon
Cid	cut27	Sora
Leon	cut3	Sora
Leon	cut3	Yuffie
Leon	cut5	Sora
Leon	cut6	Aerith
Leon	cut6	Sora
Leon	cut6	Yuffie
Leon	cut7	Yuffie
Leon	cut8	Sora
Leon	cut8	Yuffie
Leon	cut9	Sora
Leon	cut10	Yuffie
Leon	cut10	Sora
Leon	cut14	Sora
Leon	cut14	Donald & Goofy
Leon	cut15	Sora
Leon	cut15	Donald
Leon	cut16	Yuffie
Leon	cut16	Aerith
Leon	cut17	Yuffie
Leon	cut17	Aerith
Leon	cut18	Sora
Leon	cut18	Yuffie
Leon	cut18	Aerith
Leon	cut19	Sora
Leon	cut19	Aerith
Leon	cut19	Sora, Donald & Goofy
Leon	cut19	Donald
Leon	cut19	Goofy
Leon	cut20	Aerith
Leon	cut21	Sora
Leon	cut22	Cid
Leon	cut22	Sora
Leon	cut22	Aerith
Leon	cut22	Donald
Leon	cut24	Aerith
Leon	cut24	Sora
Leon	cut25	Yuffie
Leon	cut25	Kairi
Leon	cut25	Aerith
Leon	cut26	Sora
Leon	cut26	Yuffie
Leon	cut26	Aerith
Leon	cut27	Aerith
Leon	cut27	Yuffie
Leon	cut27	Sora
Leon	cut27	Donald
Leon	cut28	Goofy
Leon	cut29	Yuffie
Leon	cut30	??????
Leon	cut30	Sora
Leon	cut31	Goofy
Leon	cut31	Donald
Leon	cut31	??????
Leon	cut31	Kairi
Leon	cut31	Sora
Leon	cut31	Yuffie
Leon	cut31	Leon 
Leon	cut31	Aerith
Leon	cut31	Yuffie 
Leon	cut32	Yuffie
Leon	cut32	Sora
Leon	cut32	Aerith
Leon	cut32	Goofy
Leon	cut32	Donald
Leon	cut32	Donald & Goofy
Leon	cut33	Sora
Leon	cut33	Donald & Goofy 
Leon	cut33	Leon 
Leon	cut33	Goofy
Leon	cut33	Sora 
Leon	cut33	Donald
Leon	cut33	Goofy 
Leon	cut33	Donald 
Leon	cut34	Yuffie
Leon	cut34	Aerith
Leon	cut34	Donald
Leon	cut34	Sora
Leon	cut34	Goofy
Leon	cut34	Jiminy 
Leon	cut35	Yuffie
Leon	cut35	Sora
Leon	cut35	Aerith
Leon	cut35	Sora, Donald & Goofy
Leon	cut35	Donald
Leon	cut35	Goofy
Leon	cut36	Cid
Leon	cut36	Sora
Leon	cut36	Aerith
Leon	cut36	Donald
Leon	cut37	Aerith
Leon	cut37	Sora 
Leon	cut38	Yuffie
Leon	cut38	Kairi
Leon	cut38	Aerith
Leon	cut38	Sora
Leon	cut38	Cid
Leon	cut39	Sora
Leon	cut39	Yuffie
Leon	cut39	Aerith
Leon	cut39	Leon 
Leon	cut40	Aerith
Leon	cut40	Yuffie
Leon	cut40	Sora
Leon	cut40	Donald
Leon	cut40	Goofy
Leon	cut41	Alice
Leon	cut41	Jasmine
Leon	cut41	Aurora
Leon	cut41	Sora
Leon	cut41	Cinderella
Leon	cut41	Snow White
Leon	cut41	Snow Whtie
Leon	cut41	Aerith
Leon	cut41	Yuffie
Leon	cut41	Belle
Yuffie	cut2	Sora
Yuffie	cut2	Leon
Yuffie	cut3	Aerith
Yuffie	cut3	Sora
Yuffie	cut3	Leon
Yuffie	cut4	Goofy
Yuffie	cut5	Leon
Yuffie	cut6	Leon
Yuffie	cut6	Sora
Yuffie	cut7	Leon
Yuffie	cut7	Sora
Yuffie	cut9	Leon
Yuffie	cut9	Aerith
Yuffie	cut10	Aerith
Yuffie	cut10	Leon
Yuffie	cut11	Leon
Yuffie	cut11	Sora
Yuffie	cut11	Aerith
Yuffie	cut14	Cid
Yuffie	cut14	Aerith
Yuffie	cut14	Sora
Yuffie	cut15	Leon
Yuffie	cut15	Kairi
Yuffie	cut15	Aerith
Yuffie	cut16	Sora
Yuffie	cut16	Aerith
Yuffie	cut16	Leon
Yuffie	cut17	Leon
Yuffie	cut17	Aerith
Yuffie	cut17	Sora
Yuffie	cut17	Donald
Yuffie	cut18	Leon
Yuffie	cut19	Goofy
Yuffie	cut19	Donald
Yuffie	cut19	??????
Yuffie	cut19	Kairi
Yuffie	cut19	Sora
Yuffie	cut19	Leon
Yuffie	cut19	Leon 
Yuffie	cut19	Aerith
Yuffie	cut19	Yuffie 
Yuffie	cut20	Leon
Yuffie	cut20	Sora
Yuffie	cut20	Aerith
Yuffie	cut20	Goofy
Yuffie	cut20	Donald
Yuffie	cut20	Donald & Goofy
Yuffie	cut21	Leon
Yuffie	cut21	Aerith
Yuffie	cut21	Donald
Yuffie	cut21	Sora
Yuffie	cut21	Goofy
Yuffie	cut21	Jiminy 
Yuffie	cut22	Leon
Yuffie	cut22	Sora
Yuffie	cut22	Aerith
Yuffie	cut22	Sora, Donald & Goofy
Yuffie	cut22	Donald
Yuffie	cut22	Goofy
Yuffie	cut23	Cid
Yuffie	cut23	Aerith
Yuffie	cut23	Sora
Yuffie	cut24	Kairi
Yuffie	cut24	Aerith
Yuffie	cut24	Leon
Yuffie	cut24	Sora
Yuffie	cut24	Cid
Yuffie	cut25	Sora
Yuffie	cut25	Aerith
Yuffie	cut25	Leon
Yuffie	cut25	Leon 
Yuffie	cut26	Leon
Yuffie	cut26	Aerith
Yuffie	cut26	Sora
Yuffie	cut26	Donald
Yuffie	cut26	Goofy
Yuffie	cut27	Alice
Yuffie	cut27	Jasmine
Yuffie	cut27	Aurora
Yuffie	cut27	Sora
Yuffie	cut27	Cinderella
Yuffie	cut27	Snow White
Yuffie	cut27	Snow Whtie
Yuffie	cut27	Aerith
Yuffie	cut27	Leon
Yuffie	cut27	Belle
Aerith	cut1	Donald
Aerith	cut1	Goofy
Aerith	cut3	Sora
Aerith	cut3	Yuffie
Aerith	cut3	Leon
Aerith	cut5	Goofy
Aerith	cut5	Donald
Aerith	cut6	Goofy
Aerith	cut7	Goofy
Aerith	cut7	Donald
Aerith	cut8	Donald
Aerith	cut8	Sora
Aerith	cut10	Leon
Aerith	cut10	Yuffie
Aerith	cut12	Yuffie
Aerith	cut12	Leon
Aerith	cut13	Leon
Aerith	cut13	Sora
Aerith	cut13	Yuffie
Aerith	cut14	Leon
Aerith	cut14	Sora
Aerith	cut14	Sora, Donald & Goofy
Aerith	cut14	Donald
Aerith	cut14	Goofy
Aerith	cut15	Leon
Aerith	cut16	Cid
Aerith	cut16	Sora
Aerith	cut16	Leon
Aerith	cut16	Donald
Aerith	cut17	Cid
Aerith	cut17	Sora
Aerith	cut17	Yuffie
Aerith	cut18	Leon
Aerith	cut18	Sora
Aerith	cut19	Leon
Aerith	cut19	Yuffie
Aerith	cut19	Kairi
Aerith	cut20	Sora
Aerith	cut21	Sora
Aerith	cut21	Yuffie
Aerith	cut21	Leon
Aerith	cut22	Leon
Aerith	cut22	Yuffie
Aerith	cut22	Sora
Aerith	cut22	Donald
Aerith	cut23	Sora
Aerith	cut26	Goofy
Aerith	cut26	Donald
Aerith	cut26	??????
Aerith	cut26	Kairi
Aerith	cut26	Sora
Aerith	cut26	Yuffie
Aerith	cut26	Leon
Aerith	cut26	Leon 
Aerith	cut26	Yuffie 
Aerith	cut27	Yuffie
Aerith	cut27	Leon
Aerith	cut27	Sora
Aerith	cut27	Goofy
Aerith	cut27	Donald
Aerith	cut27	Donald & Goofy
Aerith	cut28	Leon
Aerith	cut28	Yuffie
Aerith	cut28	Donald
Aerith	cut28	Sora
Aerith	cut28	Goofy
Aerith	cut28	Jiminy 
Aerith	cut29	Yuffie
Aerith	cut29	Leon
Aerith	cut29	Sora
Aerith	cut29	Sora, Donald & Goofy
Aerith	cut29	Donald
Aerith	cut29	Goofy
Aerith	cut30	Cid
Aerith	cut30	Sora
Aerith	cut30	Leon
Aerith	cut30	Donald
Aerith	cut31	Cid
Aerith	cut31	Sora
Aerith	cut31	Yuffie
Aerith	cut32	Leon
Aerith	cut32	Sora 
Aerith	cut33	Yuffie
Aerith	cut33	Kairi
Aerith	cut33	Leon
Aerith	cut33	Sora
Aerith	cut33	Cid
Aerith	cut34	Sora
Aerith	cut34	Yuffie
Aerith	cut34	Leon
Aerith	cut34	Leon 
Aerith	cut35	Leon
Aerith	cut35	Yuffie
Aerith	cut35	Sora
Aerith	cut35	Donald
Aerith	cut35	Goofy
Aerith	cut36	Alice
Aerith	cut36	Jasmine
Aerith	cut36	Aurora
Aerith	cut36	Sora
Aerith	cut36	Cinderella
Aerith	cut36	Snow White
Aerith	cut36	Snow Whtie
Aerith	cut36	Yuffie
Aerith	cut36	Leon
Aerith	cut36	Belle
Donald & Goofy	cut2	Sora
Donald & Goofy	cut2	Leon
Donald & Goofy	cut3	Kairi
Donald & Goofy	cut4	Donald
Donald & Goofy	cut7	Yuffie
Donald & Goofy	cut7	Leon
Donald & Goofy	cut7	Sora
Donald & Goofy	cut7	Aerith
Donald & Goofy	cut7	Goofy
Donald & Goofy	cut7	Donald
Donald & Goofy	cut8	Sora
Donald & Goofy	cut8	Donald & Goofy 
Donald & Goofy	cut8	Leon 
Donald & Goofy	cut8	Goofy
Donald & Goofy	cut8	Sora 
Donald & Goofy	cut8	Donald
Donald & Goofy	cut8	Goofy 
Donald & Goofy	cut8	Donald 
Donald & Goofy	cut8	Leon
Donald & Goofy	cut9	Donald
Donald & Goofy	cut9	Kairi
Donald & Goofy	cut9	Goofy
Donald & Goofy	cut9	Sora
Donald & Goofy	cut9	Beast
Donald & Goofy	cut10	Sora
Donald & Goofy	cut10	Donald
Donald & Goofy	cut10	Riku
Donald & Goofy	cut10	Mickey
Donald & Goofy	cut10	Goofy
Donald & Goofy	cut10	Riku 
Donald & Goofy	cut10	Mickey 
Donald & Goofy	cut10	Kairi
??????????	cut1	????
??????????	cut3	Hades
??????????	cut4	?????
??????????	cut5	?????
??????????	cut6	??????
??????????	cut7	?????
??????????	cut7	??????
??????????	cut7	????
??????????	cut8	Hades
??????????	cut9	?????
??????????	cut9	??????
White Rabbit	cut4	Alice
White Rabbit	cut5	Sora
White Rabbit	cut5	Doorknob
White Rabbit	cut5	Donald
White Rabbit	cut5	Goofy 
White Rabbit	cut6	Alice
White Rabbit	cut6	Queen of Hearts
White Rabbit	cut6	Queen of Hearts 
White Rabbit	cut6	Sora
White Rabbit	cut6	Donald
White Rabbit	cut6	Goofy
White Rabbit	cut6	Sora 
Doorknob	cut1	Sora
Doorknob	cut2	Goofy
Doorknob	cut3	Sora
Doorknob	cut5	White Rabbit
Doorknob	cut5	Sora
Doorknob	cut5	Donald
Doorknob	cut5	Goofy 
Doorknob	cut6	Donald
Doorknob	cut6	Sora
Doorknob	cut6	Goofy
Doorknob	cut6	Cheshire Cat
Alice	cut1	White Rabbit
Alice	cut2	Queen of Hearts
Alice	cut3	Queen of Hearts
Alice	cut5	Sora
Alice	cut6	Sora
Alice	cut6	Goofy
Alice	cut6	Donald
Alice	cut6	Card Soldier
Alice	cut7	Jasmine
Alice	cut7	Snow White
Alice	cut7	Sora
Alice	cut7	Aurora
Alice	cut7	Cinderella
Alice	cut8	Jasmine
Alice	cut8	Aurora
Alice	cut8	Sora
Alice	cut8	Cinderella
Alice	cut9	Snow White
Alice	cut9	Aurora
Alice	cut9	Sora
Alice	cut9	Cinderella
Alice	cut9	Snow Whtie
Alice	cut9	Jasmine
Alice	cut10	Cinderella
Alice	cut10	Snow White
Alice	cut10	Aurora
Alice	cut10	Jasmine
Alice	cut11	White Rabbit
Alice	cut11	Queen of Hearts
Alice	cut11	Queen of Hearts 
Alice	cut11	Sora
Alice	cut11	Donald
Alice	cut11	Goofy
Alice	cut11	Sora 
Alice	cut12	Queen of Hearts
Alice	cut12	Sora
Alice	cut12	Goofy
Alice	cut12	Donald
Alice	cut12	Card Soldier
Alice	cut13	Beast
Alice	cut13	Belle
Alice	cut13	Sora
Alice	cut13	Cinderella
Alice	cut13	Aurora
Alice	cut13	Jasmine
Alice	cut13	Snow White
Alice	cut14	Jasmine
Alice	cut14	Aurora
Alice	cut14	Sora
Alice	cut14	Cinderella
Alice	cut14	Snow White
Alice	cut14	Snow Whtie
Alice	cut14	Aerith
Alice	cut14	Yuffie
Alice	cut14	Leon
Alice	cut14	Belle
Alice	cut15	Cinderella
Alice	cut15	Snow White
Alice	cut15	Aurora
Alice	cut15	Jasmine
Queen of Hearts	cut1	Alice
Queen of Hearts	cut2	Alice
Queen of Hearts	cut4	Sora
Queen of Hearts	cut4	Donald
Queen of Hearts	cut4	Goofy
Queen of Hearts	cut8	Sora
Queen of Hearts	cut8	Goofy
Queen of Hearts	cut13	Sora
Queen of Hearts	cut14	Sora
Queen of Hearts	cut15	Sora
Queen of Hearts	cut16	Donald
Queen of Hearts	cut20	Donald
Queen of Hearts	cut22	White Rabbit
Queen of Hearts	cut22	Alice
Queen of Hearts	cut22	Queen of Hearts 
Queen of Hearts	cut22	Sora
Queen of Hearts	cut22	Donald
Queen of Hearts	cut22	Goofy
Queen of Hearts	cut22	Sora 
Queen of Hearts	cut23	Alice
Queen of Hearts	cut23	Sora
Queen of Hearts	cut23	Goofy
Queen of Hearts	cut23	Donald
Queen of Hearts	cut23	Card Soldier
Queen of Hearts	cut24	Card Soldier
Queen of Hearts	cut24	Sora
Queen of Hearts	cut24	Donald 
Queen of Hearts	cut24	Queen of Hearts 
Queen of Hearts	cut24	Donald
Card Soldier	cut1	Alice
Card Soldier	cut1	Sora
Card Soldier	cut1	Goofy
Card Soldier	cut1	Donald
Card Soldier	cut2	Sora
Card Soldier	cut4	Queen of Hearts
Card Soldier	cut4	Alice
Card Soldier	cut4	Sora
Card Soldier	cut4	Goofy
Card Soldier	cut4	Donald
Card Soldier	cut5	Sora
Card Soldier	cut5	Queen of Hearts
Card Soldier	cut5	Donald 
Card Soldier	cut5	Queen of Hearts 
Card Soldier	cut5	Donald
Card Soldier	cut6	Sora
Card Soldier	cut6	Cheshire Cat
Card Soldier	cut6	Goofy
Card Soldier	cut6	Flower
Cheshire Cat	cut1	Donald
Cheshire Cat	cut1	Sora
Cheshire Cat	cut2	Sora
Cheshire Cat	cut2	Donald
Cheshire Cat	cut4	Sora
Cheshire Cat	cut5	Sora
Cheshire Cat	cut5	Goofy
Cheshire Cat	cut7	Sora
Cheshire Cat	cut13	Donald 
Cheshire Cat	cut13	Sora
Cheshire Cat	cut13	Donald
Cheshire Cat	cut14	Card Soldier
Cheshire Cat	cut14	Sora
Cheshire Cat	cut14	Goofy
Cheshire Cat	cut14	Flower
Cheshire Cat	cut15	Doorknob
Cheshire Cat	cut15	Donald
Cheshire Cat	cut15	Sora
Cheshire Cat	cut15	Goofy
Flower	cut2	Card Soldier
Flower	cut2	Sora
Flower	cut2	Cheshire Cat
Flower	cut2	Goofy
Philoctetes	cut4	Donald
Philoctetes	cut5	Goofy
Philoctetes	cut5	Donald
Philoctetes	cut10	Sora
Philoctetes	cut15	Sora
Philoctetes	cut16	Sora
Philoctetes	cut17	Sora
Philoctetes	cut20	Sora
Philoctetes	cut23	Sora
Philoctetes	cut25	Donald
Philoctetes	cut25	Goofy
Philoctetes	cut25	Hercules
Philoctetes	cut27	Sora
Philoctetes	cut28	Hercules
Philoctetes	cut30	Hercules
Philoctetes	cut31	Hercules
Philoctetes	cut31	Sora
Philoctetes	cut32	Hercules
Philoctetes	cut32	Sora
Philoctetes	cut33	Sora
Philoctetes	cut33	Hercules
Philoctetes	cut34	Sora
Philoctetes	cut34	????
Philoctetes	cut34	Donald 
Philoctetes	cut34	Goofy
Philoctetes	cut34	Philoctetes 
Philoctetes	cut36	Sora
Philoctetes	cut36	Sora 
Philoctetes	cut37	Sora
Philoctetes	cut38	Cloud
Philoctetes	cut38	Hades
Philoctetes	cut38	Hercules
Philoctetes	cut38	Sora
Philoctetes	cut39	Donald
Philoctetes	cut39	Goofy
Philoctetes	cut39	Hercules
Philoctetes	cut39	Sora
Philoctetes	cut39	Hercules 
Philoctetes	cut40	Hercules
Philoctetes	cut41	Hercules
Philoctetes	cut41	Sora
Philoctetes	cut42	Hercules
Philoctetes	cut42	Sora
Philoctetes	cut42	Hercules 
Hades	cut1	Donald
Hades	cut3	Sora
Hades	cut6	Cloud
Hades	cut15	??????????
Hades	cut17	Riku
Hades	cut17	Maleficent
Hades	cut24	Donald
Hades	cut24	Sora
Hades	cut25	Cloud
Hades	cut25	Hades 
Hades	cut26	Cloud
Hades	cut26	Philoctetes
Hades	cut26	Hercules
Hades	cut26	Sora
Hades	cut27	??????????
Hades	cut28	Riku
Hades	cut28	Maleficent
Hades	cut28	????
Hades	cut28	Riku 
Hades	cut28	Maleficent 
Cloud	cut1	Hades
Cloud	cut3	Sora
Cloud	cut5	Sora
Cloud	cut9	Sephiroth
Cloud	cut10	Hades
Cloud	cut10	Hades 
Cloud	cut11	Hades
Cloud	cut11	Philoctetes
Cloud	cut11	Hercules
Cloud	cut11	Sora
Cloud	cut12	Sora
Cloud	cut13	Sephiroth
Cloud	cut13	Sephiroth 
Hercules	cut2	Philoctetes
Hercules	cut2	Donald
Hercules	cut2	Goofy
Hercules	cut3	Philoctetes
Hercules	cut4	Philoctetes
Hercules	cut5	Sora
Hercules	cut5	Philoctetes
Hercules	cut6	Sora
Hercules	cut6	Donald
Hercules	cut6	Goofy
Hercules	cut7	Sora
Hercules	cut7	Philoctetes
Hercules	cut8	Sora
Hercules	cut8	Philoctetes
Hercules	cut11	Cloud
Hercules	cut11	Hades
Hercules	cut11	Philoctetes
Hercules	cut11	Sora
Hercules	cut12	Philoctetes
Hercules	cut12	Donald
Hercules	cut12	Goofy
Hercules	cut12	Sora
Hercules	cut12	Hercules 
Hercules	cut13	Philoctetes
Hercules	cut14	Sora
Hercules	cut14	Philoctetes
Hercules	cut15	Sora
Hercules	cut15	Donald
Hercules	cut15	Goofy
Hercules	cut16	Sora
Hercules	cut16	Philoctetes
Hercules	cut16	Hercules 
Tarzan	cut2	Jane
Tarzan	cut2	Clayton
Tarzan	cut4	Goofy
Tarzan	cut4	Donald
Tarzan	cut6	Donald
Tarzan	cut7	Sora
Tarzan	cut7	Goofy
Tarzan	cut7	Donald
Tarzan	cut8	Jane
Tarzan	cut8	Sora
Tarzan	cut9	Sora
Tarzan	cut12	Jane
Tarzan	cut12	Sora
Tarzan	cut12	Donald
Tarzan	cut12	Goofy
Tarzan	cut13	Sora
Tarzan	cut13	Jane
Tarzan	cut13	Donald
Tarzan	cut14	Jane
Tarzan	cut14	Sora
Tarzan	cut14	???????
Tarzan	cut14	Goofy
Tarzan	cut14	Jane 
Tarzan	cut14	Donald & Sora 
Tarzan	cut14	Sora 
Tarzan	cut14	Donald
Tarzan	cut15	Jane
Tarzan	cut15	Sora
Tarzan	cut15	Clayton 
Tarzan	cut15	Clayton
Tarzan	cut16	Goofy
Tarzan	cut16	Donald
Tarzan	cut16	Tarzan 
Tarzan	cut17	Donald
Tarzan	cut17	Clayton 
Tarzan	cut18	Sora
Tarzan	cut18	Goofy
Tarzan	cut18	Donald
Tarzan	cut18	Jane
Tarzan	cut18	Sora 
Tarzan	cut19	Sora
Tarzan	cut19	Clayton
Tarzan	cut20	Sora
Tarzan	cut20	Goofy
Tarzan	cut20	Jane
Tarzan	cut20	Sora 
Tarzan	cut20	Donald
Tarzan	cut21	Sora
Tarzan	cut21	Jane
Tarzan	cut21	Donald
Jane	cut2	Sora
Jane	cut4	???????
Jane	cut6	Sora
Jane	cut6	Donald & Sora
Jane	cut6	Goofy
Jane	cut7	Sora
Jane	cut8	Sora
Jane	cut9	Clayton
Jane	cut10	Tarzan
Jane	cut10	Clayton
Jane	cut11	Clayton
Jane	cut15	Sora
Jane	cut15	Tarzan
Jane	cut17	Tarzan
Jane	cut17	Sora
Jane	cut17	Donald
Jane	cut17	Goofy
Jane	cut19	Sora
Jane	cut19	Donald
Jane	cut19	Tarzan
Jane	cut20	Tarzan
Jane	cut20	Sora
Jane	cut20	???????
Jane	cut20	Goofy
Jane	cut20	Jane 
Jane	cut20	Donald & Sora 
Jane	cut20	Sora 
Jane	cut20	Donald
Jane	cut21	Sora
Jane	cut21	Jane 
Jane	cut21	Clayton
Jane	cut21	Goofy
Jane	cut22	Sora
Jane	cut22	Clayton 
Jane	cut22	Clayton
Jane	cut22	Tarzan
Jane	cut23	Jane 
Jane	cut23	Clayton
Jane	cut24	Sora
Jane	cut25	Sora
Jane	cut25	Goofy
Jane	cut25	Tarzan
Jane	cut25	Donald
Jane	cut25	Sora 
Jane	cut26	Sora
Jane	cut26	Goofy
Jane	cut26	Tarzan
Jane	cut26	Sora 
Jane	cut26	Donald
Jane	cut27	Sora
Jane	cut27	Donald
Jane	cut27	Tarzan
Clayton	cut2	Sora
Clayton	cut3	Jane
Clayton	cut5	Jane
Clayton	cut5	Tarzan
Clayton	cut7	Jane
Clayton	cut12	Jane
Clayton	cut12	Sora
Clayton	cut12	Jane 
Clayton	cut12	Goofy
Clayton	cut13	Jane
Clayton	cut13	Sora
Clayton	cut13	Clayton 
Clayton	cut13	Tarzan
Clayton	cut14	Donald
Clayton	cut14	Tarzan
Clayton	cut14	Clayton 
Clayton	cut15	Jane 
Clayton	cut16	Sora
Clayton	cut16	Tarzan
Sora, Donald & Goofy	cut1	Leon
Sora, Donald & Goofy	cut1	Sora
Sora, Donald & Goofy	cut1	Aerith
Sora, Donald & Goofy	cut1	Donald
Sora, Donald & Goofy	cut1	Goofy
Sora, Donald & Goofy	cut2	Yuffie
Sora, Donald & Goofy	cut2	Leon
Sora, Donald & Goofy	cut2	Sora
Sora, Donald & Goofy	cut2	Aerith
Sora, Donald & Goofy	cut2	Donald
Sora, Donald & Goofy	cut2	Goofy
Moogle	cut2	Cid
Moogle	cut2	Donald
Moogle	cut2	Goofy
Moogle	cut2	Sora
Merlin	cut1	??????
Merlin	cut1	Sora
Merlin	cut1	Donald
Merlin	cut1	Goofy
Merlin	cut5	?????
Merlin	cut11	??????
Merlin	cut11	Sora
Merlin	cut11	Donald
Merlin	cut11	Goofy
Merlin	cut11	?????
Merlin	cut11	Fairy Godmother
Fairy Godmother	cut1	Sora
Fairy Godmother	cut3	Sora
Fairy Godmother	cut11	??????
Fairy Godmother	cut11	Sora
Fairy Godmother	cut11	Donald
Fairy Godmother	cut11	Goofy
Fairy Godmother	cut11	Merlin
Fairy Godmother	cut11	?????
Pooh	cut1	????
Pooh	cut1	Sora
Pooh	cut2	Sora
Pooh	cut8	Piglet
Pooh	cut9	Piglet
Pooh	cut10	Piglet
Pooh	cut12	Sora
Pooh	cut13	Owl
Pooh	cut15	Piglet
Pooh	cut15	??????
Pooh	cut17	??????
Pooh	cut18	Rabbit
Pooh	cut20	Rabbit
Pooh	cut21	Piglet
Pooh	cut21	Rabbit
Pooh	cut22	Rabbit
Pooh	cut23	Tigger
Pooh	cut25	Piglet
Pooh	cut27	Eeyore
Pooh	cut27	Owl
Pooh	cut28	Sora
Pooh	cut29	Eeyore
Pooh	cut33	Sora
Pooh	cut34	Piglet
Pooh	cut36	Piglet
Pooh	cut36	Tigger
Pooh	cut37	Sora
Pooh	cut40	????
Pooh	cut40	Sora
Pooh	cut40	Pooh 
Pooh	cut40	Sora 
Pooh	cut42	??????
Pooh	cut42	Piglet
Pooh	cut42	Sora
Pooh	cut42	Piglet 
Pooh	cut43	Sora
Pooh	cut43	Owl
Pooh	cut43	Pooh 
Pooh	cut44	??????
Pooh	cut44	Piglet
Pooh	cut44	Pooh 
Pooh	cut44	Rabbit
Pooh	cut44	Rabbit 
Pooh	cut45	??????
Pooh	cut45	Tigger
Pooh	cut45	Sora
Pooh	cut46	Rabbit
Pooh	cut47	Piglet
Pooh	cut47	Pooh 
Pooh	cut47	Eeyore
Pooh	cut47	Owl
Pooh	cut47	Sora
Pooh	cut48	Pooh 
Pooh	cut49	Tigger
Pooh	cut49	Roo
Pooh	cut49	Sora
Pooh	cut49	Owl
Pooh	cut49	Owl 
Pooh	cut49	Piglet
Pooh	cut50	Sora
Pooh	cut50	Pooh 
Pooh	cut50	Eeyore
Pooh	cut50	Tigger
Pooh	cut50	Roo
Pooh	cut50	Owl
Pooh	cut50	Rabbit
Pooh	cut50	Piglet
Pooh	cut51	Piglet
Pooh	cut51	Tigger
Pooh	cut51	Sora
Pooh	cut51	Tigger 
Owl	cut2	Pooh
Owl	cut5	Rabbit
Owl	cut12	Eeyore
Owl	cut12	Pooh
Owl	cut13	Sora
Owl	cut15	Sora
Owl	cut16	Sora
Owl	cut17	Tigger
Owl	cut17	Roo
Owl	cut17	Sora
Owl	cut18	Roo
Owl	cut24	Pooh
Owl	cut24	Sora
Owl	cut24	Pooh 
Owl	cut25	Rabbit
Owl	cut25	Tigger
Owl	cut26	Piglet
Owl	cut26	Pooh
Owl	cut26	Pooh 
Owl	cut26	Eeyore
Owl	cut26	Sora
Owl	cut27	Tigger
Owl	cut27	Roo
Owl	cut27	Sora
Owl	cut27	Owl 
Owl	cut27	Pooh
Owl	cut27	Piglet
Owl	cut28	Sora
Owl	cut28	Pooh 
Owl	cut28	Pooh
Owl	cut28	Eeyore
Owl	cut28	Tigger
Owl	cut28	Roo
Owl	cut28	Rabbit
Owl	cut28	Piglet
Maleficent	cut4	?????
Maleficent	cut5	Iago
Maleficent	cut5	Jafar
Maleficent	cut7	Jafar
Maleficent	cut8	Riku
Maleficent	cut8	Hades
Maleficent	cut10	Riku
Maleficent	cut11	????
Maleficent	cut11	Riku
Maleficent	cut13	Riku
Maleficent	cut14	Riku
Maleficent	cut16	Riku
Maleficent	cut17	Riku
Maleficent	cut18	Riku
Maleficent	cut22	Riku
Maleficent	cut24	Riku
Maleficent	cut25	Riku
Maleficent	cut42	?????
Maleficent	cut42	Iago
Maleficent	cut42	Jafar
Maleficent	cut43	Jafar
Maleficent	cut43	Sora
Maleficent	cut43	Aladdin
Maleficent	cut43	Goofy
Maleficent	cut43	Donald
Maleficent	cut43	Genie
Maleficent	cut44	Hades
Maleficent	cut44	Riku
Maleficent	cut44	????
Maleficent	cut44	Riku 
Maleficent	cut44	Maleficent 
Maleficent	cut45	Riku
Maleficent	cut45	Sora
Maleficent	cut46	Riku
Maleficent	cut47	Riku
Maleficent	cut47	Sora 
Maleficent	cut47	Sora
Maleficent	cut47	Maleficent 
Maleficent	cut49	Riku
Maleficent	cut50	Sora 
Maleficent	cut51	Sora
Maleficent	cut52	Riku
Maleficent	cut52	Sora
Maleficent	cut52	Donald
Pinocchio	cut1	Jiminy
Pinocchio	cut2	Jiminy
Pinocchio	cut3	Jiminy
Pinocchio	cut4	Jiminy
Pinocchio	cut4	Sora
Pinocchio	cut5	Donald
Pinocchio	cut6	????????
Pinocchio	cut6	Sora
Pinocchio	cut7	Sora
Pinocchio	cut9	Sora
Pinocchio	cut9	Riku
Pinocchio	cut9	Jiminy
Pinocchio	cut11	Sora
Pinocchio	cut11	Geppetto
Pinocchio	cut12	Sora
Pinocchio	cut12	Geppetto
Pinocchio	cut13	Jiminy
Pinocchio	cut13	Pinocchio 
Pinocchio	cut14	Jiminy 
Pinocchio	cut14	Jiminy
Pinocchio	cut14	Sora
Pinocchio	cut15	Donald
Pinocchio	cut15	Goofy
Pinocchio	cut15	Sora
Pinocchio	cut15	Jiminy
Pinocchio	cut16	????????
Pinocchio	cut16	Sora
Pinocchio	cut16	Geppetto
Pinocchio	cut18	Sora
Pinocchio	cut18	Riku
Pinocchio	cut18	Riku 
Pinocchio	cut18	Jiminy
Pinocchio	cut18	Pinocchio 
Pinocchio	cut18	Donald
Pinocchio	cut19	Sora
Pinocchio	cut19	Geppetto
Iago	cut1	Jafar
Iago	cut1	Maleficent
Iago	cut2	Aladdin
Iago	cut2	Jafar
Iago	cut5	Jafar
Iago	cut7	Maleficent
Iago	cut7	?????
Iago	cut7	Jafar
Iago	cut8	Aladdin
Iago	cut8	Jafar
Jafar	cut1	Iago
Jafar	cut1	Maleficent
Jafar	cut4	???????
Jafar	cut4	Goofy
Jafar	cut4	Jasmine
Jafar	cut4	Sora
Jafar	cut5	Sora
Jafar	cut7	Aladdin
Jafar	cut7	Jasmine
Jafar	cut8	Genie
Jafar	cut11	Maleficent
Jafar	cut12	Aladdin
Jafar	cut13	Goofy
Jafar	cut13	Donald
Jafar	cut16	Aladdin
Jafar	cut16	Iago
Jafar	cut17	Iago
Jafar	cut18	Maleficent
Jafar	cut18	?????
Jafar	cut18	Iago
Jafar	cut19	Sora
Jafar	cut20	Aladdin 
Jafar	cut20	Jasmine
Jafar	cut20	Genie 
Jafar	cut20	Jafar 
Jafar	cut20	Genie
Jafar	cut22	Maleficent
Jafar	cut22	Sora
Jafar	cut22	Aladdin
Jafar	cut22	Goofy
Jafar	cut22	Donald
Jafar	cut22	Genie
Jafar	cut24	Aladdin
Jafar	cut24	Iago
Jasmine	cut1	???????
Jasmine	cut1	Goofy
Jasmine	cut1	Sora
Jasmine	cut1	Jafar
Jasmine	cut2	Jafar
Jasmine	cut2	Aladdin
Jasmine	cut3	Alice
Jasmine	cut3	Snow White
Jasmine	cut3	Sora
Jasmine	cut3	Aurora
Jasmine	cut3	Cinderella
Jasmine	cut4	Alice
Jasmine	cut4	Aurora
Jasmine	cut4	Sora
Jasmine	cut4	Cinderella
Jasmine	cut5	Snow White
Jasmine	cut5	Aurora
Jasmine	cut5	Sora
Jasmine	cut5	Cinderella
Jasmine	cut5	Alice
Jasmine	cut5	Snow Whtie
Jasmine	cut6	Cinderella
Jasmine	cut6	Snow White
Jasmine	cut6	Alice
Jasmine	cut6	Aurora
Jasmine	cut7	???????
Jasmine	cut7	Goofy
Jasmine	cut7	Sora
Jasmine	cut8	Jafar
Jasmine	cut8	Aladdin 
Jasmine	cut8	Genie 
Jasmine	cut8	Jafar 
Jasmine	cut8	Genie
Jasmine	cut9	Beast
Jasmine	cut9	Belle
Jasmine	cut9	Sora
Jasmine	cut9	Cinderella
Jasmine	cut9	Aurora
Jasmine	cut9	Alice
Jasmine	cut9	Snow White
Jasmine	cut10	Alice
Jasmine	cut10	Aurora
Jasmine	cut10	Sora
Jasmine	cut10	Cinderella
Jasmine	cut10	Snow White
Jasmine	cut10	Snow Whtie
Jasmine	cut10	Aerith
Jasmine	cut10	Yuffie
Jasmine	cut10	Leon
Jasmine	cut10	Belle
Jasmine	cut11	Cinderella
Jasmine	cut11	Snow White
Jasmine	cut11	Alice
Jasmine	cut11	Aurora
Aladdin	cut2	Sora
Aladdin	cut4	Genie
Aladdin	cut5	Genie
Aladdin	cut6	Genie
Aladdin	cut6	Goofy
Aladdin	cut7	Donald
Aladdin	cut7	Goofy
Aladdin	cut7	Sora
Aladdin	cut8	Genie
Aladdin	cut8	Sora
Aladdin	cut9	Genie
Aladdin	cut9	Donald
Aladdin	cut9	Sora
Aladdin	cut10	Jafar
Aladdin	cut10	Jasmine
Aladdin	cut14	Jafar
Aladdin	cut15	Genie
Aladdin	cut16	Jafar
Aladdin	cut16	Iago
Aladdin	cut18	Goofy
Aladdin	cut19	Sora
Aladdin	cut20	Goofy
Aladdin	cut20	Donald
Aladdin	cut20	Sora
Aladdin	cut20	Genie
Aladdin	cut21	Genie
Aladdin	cut23	Genie
Aladdin	cut26	Goofy
Aladdin	cut26	Genie
Aladdin	cut26	Sora
Aladdin	cut26	Donald
Aladdin	cut26	Genie 
Aladdin	cut26	Aladdin 
Aladdin	cut27	Genie
Aladdin	cut27	Sora
Aladdin	cut27	Genie 
Aladdin	cut28	Genie
Aladdin	cut28	Donald
Aladdin	cut28	Sora
Aladdin	cut29	Jafar
Aladdin	cut29	Aladdin 
Aladdin	cut29	Jasmine
Aladdin	cut29	Genie 
Aladdin	cut29	Jafar 
Aladdin	cut29	Genie
Aladdin	cut31	Maleficent
Aladdin	cut31	Jafar
Aladdin	cut31	Sora
Aladdin	cut31	Goofy
Aladdin	cut31	Donald
Aladdin	cut31	Genie
Aladdin	cut32	Jafar
Aladdin	cut32	Iago
Aladdin	cut33	Sora
Aladdin	cut33	Goofy
Aladdin	cut34	Sora
Aladdin	cut34	Goofy
Aladdin	cut34	Donald
Aladdin	cut34	Genie
Aladdin	cut34	Genie 
Genie	cut2	Aladdin
Genie	cut5	Donald
Genie	cut11	Aladdin
Genie	cut14	Aladdin
Genie	cut14	Goofy
Genie	cut15	Sora
Genie	cut15	Aladdin
Genie	cut16	Aladdin
Genie	cut16	Donald
Genie	cut16	Sora
Genie	cut17	Jafar
Genie	cut19	Aladdin
Genie	cut21	Goofy
Genie	cut21	Donald
Genie	cut21	Sora
Genie	cut21	Aladdin
Genie	cut22	Aladdin
Genie	cut25	Aladdin
Genie	cut27	Goofy
Genie	cut27	Aladdin
Genie	cut27	Sora
Genie	cut27	Donald
Genie	cut27	Genie 
Genie	cut27	Aladdin 
Genie	cut28	Sora
Genie	cut28	Aladdin
Genie	cut28	Genie 
Genie	cut29	Aladdin
Genie	cut29	Donald
Genie	cut29	Sora
Genie	cut30	Jafar
Genie	cut30	Aladdin 
Genie	cut30	Jasmine
Genie	cut30	Genie 
Genie	cut30	Jafar 
Genie	cut31	Maleficent
Genie	cut31	Jafar
Genie	cut31	Sora
Genie	cut31	Aladdin
Genie	cut31	Goofy
Genie	cut31	Donald
Genie	cut33	Aladdin
Genie	cut33	Sora
Genie	cut33	Goofy
Genie	cut33	Donald
Genie	cut33	Genie 
Genie	cut34	Sora
Piglet	cut2	Sora
Piglet	cut5	Pooh
Piglet	cut6	Pooh
Piglet	cut7	Pooh
Piglet	cut8	Pooh
Piglet	cut8	??????
Piglet	cut10	Pooh
Piglet	cut10	Rabbit
Piglet	cut11	Pooh
Piglet	cut12	Eeyore
Piglet	cut14	Pooh
Piglet	cut17	Tigger
Piglet	cut17	Pooh
Piglet	cut19	Tigger
Piglet	cut20	??????
Piglet	cut20	Sora
Piglet	cut20	Piglet 
Piglet	cut20	Pooh
Piglet	cut21	??????
Piglet	cut21	Pooh 
Piglet	cut21	Pooh
Piglet	cut21	Rabbit
Piglet	cut21	Rabbit 
Piglet	cut22	Pooh
Piglet	cut22	Pooh 
Piglet	cut22	Eeyore
Piglet	cut22	Owl
Piglet	cut22	Sora
Piglet	cut23	Tigger
Piglet	cut23	Roo
Piglet	cut23	Sora
Piglet	cut23	Owl
Piglet	cut23	Owl 
Piglet	cut23	Pooh
Piglet	cut24	Sora
Piglet	cut24	Pooh 
Piglet	cut24	Pooh
Piglet	cut24	Eeyore
Piglet	cut24	Tigger
Piglet	cut24	Roo
Piglet	cut24	Owl
Piglet	cut24	Rabbit
Piglet	cut25	Tigger
Piglet	cut25	Pooh
Piglet	cut25	Sora
Piglet	cut25	Tigger 
????????	cut2	Pinocchio
????????	cut2	Sora
????????	cut3	Sora
????????	cut4	Pinocchio
????????	cut4	Sora
????????	cut4	Geppetto
Geppetto	cut6	Riku
Geppetto	cut6	Sora
Geppetto	cut7	Sora
Geppetto	cut7	Pinocchio
Geppetto	cut8	Sora
Geppetto	cut8	Pinocchio
Geppetto	cut9	????????
Geppetto	cut9	Pinocchio
Geppetto	cut9	Sora
Geppetto	cut10	Sora
Geppetto	cut10	Goofy
Geppetto	cut10	Sora 
Geppetto	cut10	Riku
Geppetto	cut11	Riku
Geppetto	cut11	Sora
Geppetto	cut12	Sora
Geppetto	cut12	Pinocchio
Rabbit	cut1	Pooh
Rabbit	cut3	Pooh
Rabbit	cut8	Pooh
Rabbit	cut8	Piglet
Rabbit	cut9	Pooh
Rabbit	cut14	Owl
Rabbit	cut19	??????
Rabbit	cut19	Piglet
Rabbit	cut19	Pooh 
Rabbit	cut19	Pooh
Rabbit	cut19	Rabbit 
Rabbit	cut20	Owl
Rabbit	cut20	Tigger
Rabbit	cut22	Pooh
Rabbit	cut23	Sora
Rabbit	cut23	Pooh 
Rabbit	cut23	Pooh
Rabbit	cut23	Eeyore
Rabbit	cut23	Tigger
Rabbit	cut23	Roo
Rabbit	cut23	Owl
Rabbit	cut23	Piglet
Tigger	cut1	Pooh
Tigger	cut2	Sora
Tigger	cut5	Roo
Tigger	cut5	Sora
Tigger	cut5	Owl
Tigger	cut10	Roo
Tigger	cut12	Piglet
Tigger	cut12	Pooh
Tigger	cut13	Piglet
Tigger	cut14	??????
Tigger	cut14	Pooh
Tigger	cut14	Sora
Tigger	cut15	Rabbit
Tigger	cut15	Owl
Tigger	cut16	Roo
Tigger	cut16	Sora
Tigger	cut16	Owl
Tigger	cut16	Owl 
Tigger	cut16	Pooh
Tigger	cut16	Piglet
Tigger	cut17	Sora
Tigger	cut17	Pooh 
Tigger	cut17	Pooh
Tigger	cut17	Eeyore
Tigger	cut17	Roo
Tigger	cut17	Owl
Tigger	cut17	Rabbit
Tigger	cut17	Piglet
Tigger	cut18	Piglet
Tigger	cut18	Pooh
Tigger	cut18	Sora
Tigger	cut18	Tigger 
Sebastian	cut1	?????
Sebastian	cut2	Ariel
Sebastian	cut3	Ariel
Sebastian	cut5	Ariel
Sebastian	cut5	Flounder
Sebastian	cut6	Triton
Sebastian	cut6	Ariel
Sebastian	cut6	Sora
Sebastian	cut6	Goofy
Sebastian	cut7	Triton
Sebastian	cut8	Triton
Sebastian	cut9	Triton
Sebastian	cut10	Sora
Sebastian	cut11	Donald
Sebastian	cut12	Ariel
Sebastian	cut13	?????
Sebastian	cut13	Ariel
Sebastian	cut13	Flounder
Sebastian	cut13	Sora
Sebastian	cut13	Sora 
Sebastian	cut14	Ariel
Sebastian	cut15	Ariel
Sebastian	cut15	Flounder
Sebastian	cut16	Triton
Sebastian	cut16	Ariel
Sebastian	cut16	Sebastian 
Sebastian	cut16	Triton 
Sebastian	cut16	Sora
Sebastian	cut16	Goofy 
Sebastian	cut16	Goofy
Sebastian	cut17	Flotsam
Sebastian	cut17	Jetsam
Sebastian	cut17	Ariel
Sebastian	cut17	Flotsam & Jetsam
Sebastian	cut17	Ursula
Sebastian	cut17	Ariel 
Sebastian	cut17	Triton 
Sebastian	cut17	Sora
Sebastian	cut18	Triton
Sebastian	cut18	Sora
Sebastian	cut19	Donald
Sebastian	cut20	Ariel
Sebastian	cut20	Sora
Sebastian	cut20	Ariel 
Sebastian	cut20	Sebastian 
Ariel	cut2	Sora
Ariel	cut3	Sebastian
Ariel	cut4	Sebstian
Ariel	cut5	Sebastian
Ariel	cut6	Sebastian
Ariel	cut6	Flounder
Ariel	cut8	Triton
Ariel	cut9	Sebastian
Ariel	cut9	Triton
Ariel	cut9	Sora
Ariel	cut9	Goofy
Ariel	cut13	Sora
Ariel	cut17	Jetsam
Ariel	cut17	Flotsam
Ariel	cut18	Ursula
Ariel	cut19	Ursula
Ariel	cut20	Triton
Ariel	cut20	Sora
Ariel	cut22	Ursula
Ariel	cut23	Sora
Ariel	cut23	Triton
Ariel	cut23	Goofy
Ariel	cut24	Sora
Ariel	cut25	Sebastian
Ariel	cut26	?????
Ariel	cut26	Sebastian
Ariel	cut26	Flounder
Ariel	cut26	Sora
Ariel	cut26	Sora 
Ariel	cut27	Sebastian
Ariel	cut28	Sebastian
Ariel	cut28	Flounder
Ariel	cut29	Triton
Ariel	cut29	Sebastian 
Ariel	cut29	Triton 
Ariel	cut29	Sora
Ariel	cut29	Goofy 
Ariel	cut29	Goofy
Ariel	cut29	Sebastian
Ariel	cut30	Sora
Ariel	cut30	Flounder
Ariel	cut32	Triton
Ariel	cut32	Ariel 
Ariel	cut32	Sora 
Ariel	cut32	Sora
Ariel	cut32	Goofy
Ariel	cut33	Flotsam
Ariel	cut33	Jetsam
Ariel	cut33	Flotsam & Jetsam
Ariel	cut33	Ursula
Ariel	cut33	Ariel 
Ariel	cut33	Triton 
Ariel	cut33	Sora
Ariel	cut33	Sebastian
Ariel	cut34	Ursula
Ariel	cut35	Ursula
Ariel	cut35	Sora
Ariel	cut35	Triton
Ariel	cut35	Goofy
Ariel	cut36	Sora
Ariel	cut36	Ariel 
Ariel	cut36	Sebastian 
Flounder	cut2	Ariel
Flounder	cut2	Sebastian
Flounder	cut4	?????
Flounder	cut4	Sebastian
Flounder	cut4	Ariel
Flounder	cut4	Sora
Flounder	cut4	Sora 
Flounder	cut5	Ariel
Flounder	cut5	Sebastian
Flounder	cut6	Ariel
Flounder	cut6	Sora
Sebstian	cut1	Ariel
Triton	cut1	Ariel
Triton	cut4	Sebastian
Triton	cut4	Ariel
Triton	cut4	Sora
Triton	cut4	Goofy
Triton	cut6	Sebastian
Triton	cut7	Sebastian
Triton	cut10	Sora
Triton	cut10	Goofy
Triton	cut11	Ariel
Triton	cut11	Sora
Triton	cut12	Sebastian
Triton	cut13	Ariel
Triton	cut13	Sora
Triton	cut13	Goofy
Triton	cut14	Ariel
Triton	cut14	Sebastian 
Triton	cut14	Triton 
Triton	cut14	Sora
Triton	cut14	Goofy 
Triton	cut14	Goofy
Triton	cut14	Sebastian
Triton	cut15	Ariel
Triton	cut15	Ariel 
Triton	cut15	Sora 
Triton	cut15	Sora
Triton	cut15	Goofy
Triton	cut16	Flotsam
Triton	cut16	Jetsam
Triton	cut16	Ariel
Triton	cut16	Flotsam & Jetsam
Triton	cut16	Ursula
Triton	cut16	Ariel 
Triton	cut16	Triton 
Triton	cut16	Sora
Triton	cut16	Sebastian
Triton	cut17	Sora
Triton	cut17	Sebastian
Triton	cut18	Ursula
Triton	cut18	Ariel
Triton	cut18	Sora
Triton	cut18	Goofy
Ursula	cut5	Ariel
Ursula	cut12	Ariel
Ursula	cut13	Flotsam
Ursula	cut13	Jetsam
Ursula	cut18	Ariel
Ursula	cut26	Flotsam
Ursula	cut26	Jetsam
Ursula	cut26	Ariel
Ursula	cut26	Flotsam & Jetsam
Ursula	cut26	Ariel 
Ursula	cut26	Triton 
Ursula	cut26	Sora
Ursula	cut26	Sebastian
Ursula	cut27	Ariel
Ursula	cut29	Ariel
Ursula	cut29	Sora
Ursula	cut29	Triton
Ursula	cut29	Goofy
Flotsam	cut2	Jetsam
Flotsam	cut2	Ariel
Flotsam	cut3	Jetsam
Flotsam	cut3	Flotsam & Jetsam
Flotsam	cut4	Ursula
Flotsam	cut4	Jetsam
Flotsam	cut5	Jetsam
Flotsam	cut5	Ariel
Flotsam	cut5	Flotsam & Jetsam
Flotsam	cut5	Ursula
Flotsam	cut5	Ariel 
Flotsam	cut5	Triton 
Flotsam	cut5	Sora
Flotsam	cut5	Sebastian
Jetsam	cut1	Flotsam
Jetsam	cut1	Ariel
Jetsam	cut2	Flotsam
Jetsam	cut2	Flotsam & Jetsam
Jetsam	cut3	Ursula
Jetsam	cut3	Flotsam
Jetsam	cut4	Flotsam
Jetsam	cut4	Ariel
Jetsam	cut4	Flotsam & Jetsam
Jetsam	cut4	Ursula
Jetsam	cut4	Ariel 
Jetsam	cut4	Triton 
Jetsam	cut4	Sora
Jetsam	cut4	Sebastian
Flotsam & Jetsam	cut1	Flotsam
Flotsam & Jetsam	cut1	Jetsam
Flotsam & Jetsam	cut2	Flotsam
Flotsam & Jetsam	cut2	Jetsam
Flotsam & Jetsam	cut2	Ariel
Flotsam & Jetsam	cut2	Ursula
Flotsam & Jetsam	cut2	Ariel 
Flotsam & Jetsam	cut2	Triton 
Flotsam & Jetsam	cut2	Sora
Flotsam & Jetsam	cut2	Sebastian
Eeyore	cut3	Piglet
Eeyore	cut4	Pooh
Eeyore	cut4	Owl
Eeyore	cut6	Pooh
Eeyore	cut7	Sora
Eeyore	cut8	Piglet
Eeyore	cut8	Pooh
Eeyore	cut8	Pooh 
Eeyore	cut8	Owl
Eeyore	cut8	Sora
Eeyore	cut9	Sora
Eeyore	cut9	Pooh 
Eeyore	cut9	Pooh
Eeyore	cut9	Tigger
Eeyore	cut9	Roo
Eeyore	cut9	Owl
Eeyore	cut9	Rabbit
Eeyore	cut9	Piglet
Mayor	cut4	Jack
Mayor	cut7	?????
Mayor	cut7	Jack
Mayor	cut8	Mayor 
Mayor	cut8	Jack
Mayor	cut9	Finkelstein
Jack	cut4	Finkelstein
Jack	cut5	Finkelstein
Jack	cut6	Finkelstein
Jack	cut8	Sora
Jack	cut9	Finkelstein
Jack	cut13	Finkelstein
Jack	cut13	Sora
Jack	cut14	Mayor
Jack	cut16	Sally
Jack	cut17	Sally
Jack	cut22	Oogie Boogie
Jack	cut25	Sora
Jack	cut26	Sally
Jack	cut29	?????
Jack	cut29	Mayor
Jack	cut30	Finkelstein
Jack	cut30	Jack 
Jack	cut31	Sora
Jack	cut31	Sora 
Jack	cut31	Finkelstein
Jack	cut31	Finkelstein 
Jack	cut31	Jack 
Jack	cut32	Mayor 
Jack	cut33	Sally
Jack	cut33	Jack 
Jack	cut33	Lock
Jack	cut33	Shock
Jack	cut33	Barrel
Jack	cut34	Finkelstein
Jack	cut34	Barrel
Jack	cut34	Sora
Jack	cut35	Oogie Boogie
Jack	cut35	Oogie Boogie 
Jack	cut36	Oogie Boogie
Jack	cut37	Sora
Jack	cut38	Sally
Jack	cut39	Finkelstein
Finkelstein	cut1	Jack
Finkelstein	cut2	Jack
Finkelstein	cut3	Jack
Finkelstein	cut4	Donald
Finkelstein	cut4	Sora
Finkelstein	cut5	Jack
Finkelstein	cut9	Jack
Finkelstein	cut9	Sora
Finkelstein	cut15	Jack
Finkelstein	cut15	Jack 
Finkelstein	cut16	Jack
Finkelstein	cut16	Sora
Finkelstein	cut16	Sora 
Finkelstein	cut16	Finkelstein 
Finkelstein	cut16	Jack 
Finkelstein	cut18	Mayor
Finkelstein	cut19	Barrel
Finkelstein	cut19	Sora
Finkelstein	cut19	Jack
Finkelstein	cut20	Jack
Sally	cut1	Jack
Sally	cut2	Jack
Sally	cut4	Jack
Sally	cut5	Jack
Sally	cut5	Jack 
Sally	cut5	Lock
Sally	cut5	Shock
Sally	cut5	Barrel
Sally	cut6	Jack
Lock	cut1	Shock
Lock	cut1	Barrel
Lock	cut2	Barrel
Lock	cut2	Shock
Lock	cut3	Shock
Lock	cut3	Barrel
Lock	cut4	Barrel
Lock	cut4	Shock
Lock	cut5	Jack
Lock	cut5	Sally
Lock	cut5	Jack 
Lock	cut5	Shock
Lock	cut5	Barrel
Lock	cut6	Shock
Lock	cut6	Barrel
Shock	cut1	Lock
Shock	cut1	Barrel
Shock	cut2	Barrel
Shock	cut2	Lock
Shock	cut3	Lock
Shock	cut3	Barrel
Shock	cut4	Barrel
Shock	cut4	Lock
Shock	cut5	Jack
Shock	cut5	Sally
Shock	cut5	Jack 
Shock	cut5	Lock
Shock	cut5	Barrel
Shock	cut6	Lock
Shock	cut6	Barrel
Barrel	cut1	Lock
Barrel	cut1	Shock
Barrel	cut2	Lock
Barrel	cut2	Shock
Barrel	cut4	Shock
Barrel	cut4	Lock
Barrel	cut5	Shock
Barrel	cut5	Lock
Barrel	cut6	Jack
Barrel	cut6	Sally
Barrel	cut6	Jack 
Barrel	cut6	Lock
Barrel	cut6	Shock
Barrel	cut7	Finkelstein
Barrel	cut7	Sora
Barrel	cut7	Jack
Barrel	cut8	Shock
Barrel	cut8	Lock
Oogie Boogie	cut4	Jack
Oogie Boogie	cut12	Jack
Oogie Boogie	cut12	Oogie Boogie 
Oogie Boogie	cut13	Jack
Captain Hook	cut1	????
Captain Hook	cut2	Riku
Captain Hook	cut3	Riku
Captain Hook	cut3	Smee
Captain Hook	cut4	Smee
Captain Hook	cut4	Hook
Captain Hook	cut16	Riku
Captain Hook	cut16	Sora
Captain Hook	cut16	????
Captain Hook	cut16	Riku 
Captain Hook	cut16	???? 
Captain Hook	cut16	Hook 
Captain Hook	cut16	Smee
Captain Hook	cut17	Riku
Captain Hook	cut17	Smee
Captain Hook	cut17	Hook 
Captain Hook	cut18	Sora
Captain Hook	cut18	Captain Hook 
Captain Hook	cut18	Peter Pan
Captain Hook	cut19	Peter Pan 
Captain Hook	cut19	Peter Pan
Captain Hook	cut20	Captain Hook 
Smee	cut1	Hook
Smee	cut2	Riku
Smee	cut2	Captain Hook
Smee	cut3	Captain Hook
Smee	cut3	Hook
Smee	cut4	Riku
Smee	cut4	Sora
Smee	cut4	????
Smee	cut4	Riku 
Smee	cut4	???? 
Smee	cut4	Hook 
Smee	cut4	Captain Hook
Smee	cut5	Captain Hook
Smee	cut5	Riku
Smee	cut5	Hook 
Peter Pan	cut2	Goofy
Peter Pan	cut6	Wendy
Peter Pan	cut6	Sora
Peter Pan	cut13	Sora
Peter Pan	cut16	Sora
Peter Pan	cut17	Sora
Peter Pan	cut19	Wendy
Peter Pan	cut21	Goofy
Peter Pan	cut21	Sora
Peter Pan	cut21	Donald
Peter Pan	cut21	?????
Peter Pan	cut21	????? 
Peter Pan	cut22	Goofy
Peter Pan	cut23	?????
Peter Pan	cut23	Wendy
Peter Pan	cut23	Sora
Peter Pan	cut23	Peter Pan 
Peter Pan	cut25	Captain Hook
Peter Pan	cut25	Sora
Peter Pan	cut25	Captain Hook 
Peter Pan	cut26	Captain Hook
Peter Pan	cut26	Peter Pan 
Peter Pan	cut27	Goofy
Peter Pan	cut27	Donald
Peter Pan	cut27	Sora
Peter Pan	cut28	Wendy
Peter Pan	cut28	Sora
Wendy	cut1	Peter Pan
Wendy	cut1	Sora
Wendy	cut2	Sora
Wendy	cut3	Sora
Wendy	cut4	Peter Pan
Wendy	cut6	Peter Pan
Wendy	cut6	?????
Wendy	cut6	Sora
Wendy	cut6	Peter Pan 
Wendy	cut7	Peter Pan
Wendy	cut7	Sora
Grandmother	cut2	Donald
Grandmother	cut2	Goofy
Grandmother	cut2	Sora
Grandmother	cut2	Kairi
Grandmother	cut2	Sora 
Beast	cut1	Riku
Beast	cut8	Sora
Beast	cut9	Sora
Beast	cut9	Goofy
Beast	cut9	Donald
Beast	cut11	Riku
Beast	cut11	Riku 
Beast	cut11	Sora
Beast	cut11	Sora & Goofy
Beast	cut11	Donald
Beast	cut11	Goofy
Beast	cut12	Riku
Beast	cut12	Sora
Beast	cut12	Goofy
Beast	cut12	Donald
Beast	cut12	Sora 
Beast	cut14	Donald
Beast	cut14	Kairi
Beast	cut14	Goofy
Beast	cut14	Sora
Beast	cut14	Donald & Goofy
Beast	cut15	Sora
Beast	cut15	Goofy
Beast	cut15	Donald
Beast	cut16	Belle
Beast	cut16	Sora
Beast	cut16	Cinderella
Beast	cut16	Aurora
Beast	cut16	Jasmine
Beast	cut16	Alice
Beast	cut16	Snow White
Sora & Goofy	cut1	Donald
Sora & Goofy	cut2	Riku
Sora & Goofy	cut2	Beast
Sora & Goofy	cut2	Riku 
Sora & Goofy	cut2	Sora
Sora & Goofy	cut2	Donald
Sora & Goofy	cut2	Goofy
Ansem	cut8	Goofy
Ansem	cut14	Sora
Ansem	cut16	Sora
Ansem	cut35	Sora
Ansem	cut38	Sora
Ansem	cut38	Sora 
Ansem	cut38	Riku
Ansem	cut38	Donald
Ansem	cut38	Riku 
Ansem	cut38	Kairi
Ansem	cut40	Sora
Ansem	cut40	Donald
Ansem	cut40	Goofy
Ansem	cut40	Kairi
Ansem	cut40	Donald 
Ansem	cut40	Goofy 
Ansem	cut40	Riku
Ansem	cut41	Sora
Ansem	cut41	Goofy
Ansem	cut41	Sora 
Ansem	cut43	Sora
Ansem	cut43	Riku
Ansem	cut44	Goofy
Ansem	cut44	Donald
Ansem	cut44	Sora
Ansem	cut44	Donald 
Ansem	cut45	Sora
Roo	cut1	Tigger
Roo	cut1	Sora
Roo	cut1	Owl
Roo	cut2	Owl
Roo	cut3	Tigger
Roo	cut5	Tigger
Roo	cut5	Sora
Roo	cut5	Owl
Roo	cut5	Owl 
Roo	cut5	Pooh
Roo	cut5	Piglet
Roo	cut6	Sora
Roo	cut6	Pooh 
Roo	cut6	Pooh
Roo	cut6	Eeyore
Roo	cut6	Tigger
Roo	cut6	Owl
Roo	cut6	Rabbit
Roo	cut6	Piglet
Chip	cut1	Dale
Chip	cut2	Dale
Dale	cut1	Chip
Dale	cut2	Chip
Belle	cut1	Sora
Belle	cut4	Beast
Belle	cut4	Sora
Belle	cut4	Cinderella
Belle	cut4	Aurora
Belle	cut4	Jasmine
Belle	cut4	Alice
Belle	cut4	Snow White
Belle	cut5	Alice
Belle	cut5	Jasmine
Belle	cut5	Aurora
Belle	cut5	Sora
Belle	cut5	Cinderella
Belle	cut5	Snow White
Belle	cut5	Snow Whtie
Belle	cut5	Aerith
Belle	cut5	Yuffie
Belle	cut5	Leon
Cinderella	cut1	Sora
Cinderella	cut1	Aurora
Cinderella	cut2	Jasmine
Cinderella	cut2	Alice
Cinderella	cut2	Snow White
Cinderella	cut2	Sora
Cinderella	cut2	Aurora
Cinderella	cut3	Alice
Cinderella	cut3	Jasmine
Cinderella	cut3	Aurora
Cinderella	cut3	Sora
Cinderella	cut4	Snow White
Cinderella	cut4	Aurora
Cinderella	cut4	Sora
Cinderella	cut4	Alice
Cinderella	cut4	Snow Whtie
Cinderella	cut4	Jasmine
Cinderella	cut5	Snow White
Cinderella	cut5	Alice
Cinderella	cut5	Aurora
Cinderella	cut5	Jasmine
Cinderella	cut6	Beast
Cinderella	cut6	Belle
Cinderella	cut6	Sora
Cinderella	cut6	Aurora
Cinderella	cut6	Jasmine
Cinderella	cut6	Alice
Cinderella	cut6	Snow White
Cinderella	cut7	Alice
Cinderella	cut7	Jasmine
Cinderella	cut7	Aurora
Cinderella	cut7	Sora
Cinderella	cut7	Snow White
Cinderella	cut7	Snow Whtie
Cinderella	cut7	Aerith
Cinderella	cut7	Yuffie
Cinderella	cut7	Leon
Cinderella	cut7	Belle
Cinderella	cut8	Snow White
Cinderella	cut8	Alice
Cinderella	cut8	Aurora
Cinderella	cut8	Jasmine
Aurora	cut1	Cinderella
Aurora	cut1	Sora
Aurora	cut2	Jasmine
Aurora	cut2	Alice
Aurora	cut2	Snow White
Aurora	cut2	Sora
Aurora	cut2	Cinderella
Aurora	cut3	Alice
Aurora	cut3	Jasmine
Aurora	cut3	Sora
Aurora	cut3	Cinderella
Aurora	cut4	Snow White
Aurora	cut4	Sora
Aurora	cut4	Cinderella
Aurora	cut4	Alice
Aurora	cut4	Snow Whtie
Aurora	cut4	Jasmine
Aurora	cut5	Cinderella
Aurora	cut5	Snow White
Aurora	cut5	Alice
Aurora	cut5	Jasmine
Aurora	cut6	Beast
Aurora	cut6	Belle
Aurora	cut6	Sora
Aurora	cut6	Cinderella
Aurora	cut6	Jasmine
Aurora	cut6	Alice
Aurora	cut6	Snow White
Aurora	cut7	Alice
Aurora	cut7	Jasmine
Aurora	cut7	Sora
Aurora	cut7	Cinderella
Aurora	cut7	Snow White
Aurora	cut7	Snow Whtie
Aurora	cut7	Aerith
Aurora	cut7	Yuffie
Aurora	cut7	Leon
Aurora	cut7	Belle
Aurora	cut8	Cinderella
Aurora	cut8	Snow White
Aurora	cut8	Alice
Aurora	cut8	Jasmine
Snow White	cut1	Jasmine
Snow White	cut1	Alice
Snow White	cut1	Sora
Snow White	cut1	Aurora
Snow White	cut1	Cinderella
Snow White	cut2	Aurora
Snow White	cut2	Sora
Snow White	cut2	Cinderella
Snow White	cut2	Alice
Snow White	cut2	Snow Whtie
Snow White	cut2	Jasmine
Snow White	cut3	Cinderella
Snow White	cut3	Alice
Snow White	cut3	Aurora
Snow White	cut3	Jasmine
Snow White	cut4	Beast
Snow White	cut4	Belle
Snow White	cut4	Sora
Snow White	cut4	Cinderella
Snow White	cut4	Aurora
Snow White	cut4	Jasmine
Snow White	cut4	Alice
Snow White	cut5	Alice
Snow White	cut5	Jasmine
Snow White	cut5	Aurora
Snow White	cut5	Sora
Snow White	cut5	Cinderella
Snow White	cut5	Snow Whtie
Snow White	cut5	Aerith
Snow White	cut5	Yuffie
Snow White	cut5	Leon
Snow White	cut5	Belle
Snow White	cut6	Cinderella
Snow White	cut6	Alice
Snow White	cut6	Aurora
Snow White	cut6	Jasmine
Snow Whtie	cut1	Snow White
Snow Whtie	cut1	Aurora
Snow Whtie	cut1	Sora
Snow Whtie	cut1	Cinderella
Snow Whtie	cut1	Alice
Snow Whtie	cut1	Jasmine
Snow Whtie	cut2	Alice
Snow Whtie	cut2	Jasmine
Snow Whtie	cut2	Aurora
Snow Whtie	cut2	Sora
Snow Whtie	cut2	Cinderella
Snow Whtie	cut2	Snow White
Snow Whtie	cut2	Aerith
Snow Whtie	cut2	Yuffie
Snow Whtie	cut2	Leon
Snow Whtie	cut2	Belle
Sephiroth	cut1	Cloud
Sephiroth	cut2	Cloud
Sephiroth	cut2	Sephiroth 
Sora & Donald	cut1	Goofy
Sora & Donald	cut2	Goofy
Sora & Donald	cut2	Sora
Sora & Donald	cut2	Donald
Sora & Donald	cut2	Goofy 
Sora & Donald	cut2	Sora 
Mickey	cut1	Donald
Mickey	cut1	Sora
Mickey	cut1	Goofy
Mickey	cut1	Riku
Mickey	cut3	Sora
Mickey	cut3	Donald
Mickey	cut3	Donald & Goofy
Mickey	cut3	Riku
Mickey	cut3	Goofy
Mickey	cut3	Riku 
Mickey	cut3	Mickey 
Mickey	cut3	Kairi
XIII	cut2	12
XIII	cut2	11
XIII	cut2	X
XIII	cut2	9
XIII	cut2	VIII
XIII	cut2	VII
XIII	cut2	6
XIII	cut2	5
XIII	cut2	4
XIII	cut2	3
XIII	cut2	II
12	cut2	XIII
12	cut2	11
12	cut2	X
12	cut2	9
12	cut2	VIII
12	cut2	VII
12	cut2	6
12	cut2	5
12	cut2	4
12	cut2	3
12	cut2	II
11	cut2	XIII
11	cut2	12
11	cut2	X
11	cut2	9
11	cut2	VIII
11	cut2	VII
11	cut2	6
11	cut2	5
11	cut2	4
11	cut2	3
11	cut2	II
X	cut2	XIII
X	cut2	12
X	cut2	11
X	cut2	9
X	cut2	VIII
X	cut2	VII
X	cut2	6
X	cut2	5
X	cut2	4
X	cut2	3
X	cut2	II
9	cut1	VIII
9	cut1	VII
9	cut2	XIII
9	cut2	12
9	cut2	11
9	cut2	X
9	cut2	VIII
9	cut2	VII
9	cut2	6
9	cut2	5
9	cut2	4
9	cut2	3
9	cut2	II
VIII	cut1	9
VIII	cut1	VII
VIII	cut2	XIII
VIII	cut2	12
VIII	cut2	11
VIII	cut2	X
VIII	cut2	9
VIII	cut2	VII
VIII	cut2	6
VIII	cut2	5
VIII	cut2	4
VIII	cut2	3
VIII	cut2	II
VII	cut1	9
VII	cut1	VIII
VII	cut2	XIII
VII	cut2	12
VII	cut2	11
VII	cut2	X
VII	cut2	9
VII	cut2	VIII
VII	cut2	6
VII	cut2	5
VII	cut2	4
VII	cut2	3
VII	cut2	II
6	cut1	5
6	cut1	4
6	cut1	3
6	cut2	XIII
6	cut2	12
6	cut2	11
6	cut2	X
6	cut2	9
6	cut2	VIII
6	cut2	VII
6	cut2	5
6	cut2	4
6	cut2	3
6	cut2	II
5	cut1	6
5	cut1	4
5	cut1	3
5	cut2	XIII
5	cut2	12
5	cut2	11
5	cut2	X
5	cut2	9
5	cut2	VIII
5	cut2	VII
5	cut2	6
5	cut2	4
5	cut2	3
5	cut2	II
4	cut1	6
4	cut1	5
4	cut1	3
4	cut2	XIII
4	cut2	12
4	cut2	11
4	cut2	X
4	cut2	9
4	cut2	VIII
4	cut2	VII
4	cut2	6
4	cut2	5
4	cut2	3
4	cut2	II
3	cut1	6
3	cut1	5
3	cut1	4
3	cut2	XIII
3	cut2	12
3	cut2	11
3	cut2	X
3	cut2	9
3	cut2	VIII
3	cut2	VII
3	cut2	6
3	cut2	5
3	cut2	4
3	cut2	II
II	cut1	XIII
II	cut1	12
II	cut1	11
II	cut1	X
II	cut1	9
II	cut1	VIII
II	cut1	VII
II	cut1	6
II	cut1	5
II	cut1	4
II	cut1	3
Donald & Sora	cut1	Jane
Donald & Sora	cut1	Sora
Donald & Sora	cut1	Goofy
Donald & Sora	cut2	Tarzan
Donald & Sora	cut2	Jane
Donald & Sora	cut2	Sora
Donald & Sora	cut2	???????
Donald & Sora	cut2	Goofy
Donald & Sora	cut2	Jane 
Donald & Sora	cut2	Donald & Sora 
Donald & Sora	cut2	Sora 
Donald & Sora	cut2	Donald
Hook	cut1	????
Hook	cut2	Smee
Hook	cut3	Captain Hook
Hook	cut3	Smee
Hook	cut4	Riku
Hook	cut4	Sora
Hook	cut4	????
Hook	cut4	Riku 
Hook	cut4	???? 
Hook	cut4	Hook 
Hook	cut4	Captain Hook
Hook	cut4	Smee
Hook	cut5	Captain Hook
Hook	cut5	Riku
Hook	cut5	Smee
Hook	cut5	Hook 